timestamp,inlet_flow_A,inlet_flow_B,inlet_flow_C,inlet_conc_A,inlet_conc_B,inlet_conc_C,outlet_flow_1,outlet_flow_2,outlet_conc_1,outlet_conc_2,reactor_temperature,reactor_pressure,agitator_speed,reactant_feed_flow,reactant_feed_concentration
2024-01-30 01:00:00,14.051653602412337,6.672439044752507,7.044123857239053,0.3756900487514553,0.3381232633662244,0.575458278727728,2.9804245612276814,2.112307480065976,0.4619422899533853,0.3914037153439824,314.2503257819968,7.983496841428457,215.81468851464157,3.863119262085453,0.4403247662003708
2024-01-17 20:00:00,11.474976390718748,6.661104761129618,5.0708348057197945,0.5278209534622705,0.4768236941422879,0.2624313673101991,3.703492462439909,2.143468133198671,0.5243974894073645,0.4062078457627768,339.520403041376,7.713548669531344,186.3199826181226,3.442196245901504,0.4847065743358605
2024-01-19 21:00:00,8.001480670153425,4.261989217436227,6.51225481394336,0.2469709827319061,0.5194630124516251,0.4905515408875301,4.639218880888032,4.865899626663284,0.4666262896610481,0.3997856017466848,359.6287202283188,7.514128822415407,221.55583821369237,2.7747096597788565,0.432118216279642
2024-01-02 09:00:00,10.299814098409849,6.753331134061929,9.699158688481608,0.4319117970971857,0.5557145352576014,0.4649499115423173,4.786254149897677,2.0442051255840235,0.5517119706491029,0.4212473894663122,334.07089666526963,7.530923633388025,208.85462531399403,4.7772138023552255,0.4929186481241845
2024-01-20 06:00:00,12.04077126120365,15.30788186970022,8.677310267814407,0.2119765350319242,0.7926489839890484,0.36264963900742,10.554009404456766,6.787997448526524,0.4837458149305976,0.3775568639713935,373.5630583481829,7.504344348821025,197.88903573266973,2.80694838414942,0.4117884726135384
2024-01-22 19:00:00,7.627424758681451,9.236018247422455,5.312479163843406,0.4819116872392904,0.5903233653763656,0.0997403503287752,5.357447876344721,3.074875016160165,0.5351222496066835,0.4182379603314876,340.52948532619604,7.35021323967961,174.81465654496876,5.724476526997639,0.4926329917099948
2024-02-02 10:00:00,7.663273915561701,11.927645564512614,6.5770132062362165,0.2878153608031649,0.6452247211018607,0.2666725892005991,4.90596150698498,1.8190912722718235,0.4797603264039557,0.3777336005801239,303.40931292261854,7.227969699939118,190.4646173987058,5.1471431835491614,0.4414326922794731
2024-01-15 14:00:00,10.3830927451389,8.400582491475534,6.077140671694725,0.1732818188299872,0.4271831862874297,0.2873989506848573,3.565057925996954,0.7548006811486808,0.3926428183592742,0.3141805426820465,320.1924326965842,8.19461933027652,176.34805421198016,5.0119958645027,0.3523330369909553
2024-01-04 09:00:00,7.711678699520495,8.330867999399176,8.767893240633027,0.3158385736590823,0.3146761487512056,0.2580574559928178,9.35212323422784,4.227513862166521,0.4238841590807776,0.3205329584515817,348.31396997483665,7.207426566898118,193.96291109720391,3.295134222396908,0.3480829832266459
2024-01-06 17:00:00,6.118889636719204,6.951659354852335,6.455664731020473,0.345841995792832,0.4023474958594284,0.5160366434552264,1.151024624873206,0.5,0.4911812673631257,0.4484393576356705,331.41662802928283,7.485872363534996,199.97327578788384,2.6319758678677805,0.4901444782121597
2024-01-13 01:00:00,11.450392036969204,9.11225200723201,5.836081192038842,0.2548938847237678,0.4094234925736599,0.6697440112757512,5.778988901441444,0.5103807881224501,0.5447378530649286,0.4603973783160407,327.6780933098798,7.402167639678741,224.3600241704196,4.215088452259028,0.5372805208117949
2024-01-10 21:00:00,7.67077046479124,10.278418763404456,7.759469757231677,0.160349822908153,0.4773885550848643,0.4927359636855247,7.999522166880063,7.585446305779811,0.4369738623262011,0.4386037318838672,370.7200118550325,7.532359718927502,222.1330816256222,3.453840896428648,0.404200901309707
2024-01-14 02:00:00,5.183961340580222,8.26395214326141,8.240413534918206,0.1103274216265913,0.3638317221028993,0.1124513890606585,6.9167019139546575,9.078425793805163,0.3031901751591899,0.235429574489386,354.1839874283996,7.044258275074215,169.08919124250338,3.829806800820628,0.2275664537549018
2024-01-25 07:00:00,6.64755627881103,4.768200938965278,6.195170373028207,0.4976934909786814,0.3325537989890911,0.2036437218667716,0.5,0.5,0.4473436934594525,0.3055102340941093,314.82656124832187,7.648428204660108,183.18514857190988,2.098656789172119,0.4162792576470588
2024-02-11 05:00:00,12.78086049889406,9.98109432005852,6.167114797831923,0.5123068862779562,0.3284598861254312,0.3812597449669614,5.658581982566629,2.752571744000096,0.529039365974252,0.4117301463206779,300.0,7.543564273018707,204.14167282376383,5.456479772324067,0.4828898572009595
2024-01-03 11:00:00,5.466793054593885,9.152747090298377,8.350911661198833,0.6024157128745923,0.620614646251913,0.7503369330629539,6.112756555476572,4.7764667691534415,0.6745238866252274,0.6094674217856503,369.0994114061328,7.511582202771093,246.39537371390136,3.3845593821255155,0.7161103260659074
2024-01-18 20:00:00,14.638988238142652,5.144102756050354,7.469719485123187,0.2039081084746538,0.7986576981814314,0.3982002435278237,6.417622479534214,5.022961555323258,0.546125034161276,0.4853555807158295,342.340604578888,7.378348815952074,208.26358412945228,3.888125180744401,0.5009540599035944
2024-01-02 15:00:00,11.367011804393714,6.917879635736004,4.606429406878554,0.3610715380255984,0.2015822381079323,0.2973362893201217,7.135084457104954,4.541672941278874,0.4245940360499749,0.3482469400266995,348.1449035178918,7.6340430109602,180.27415410832043,4.384438405587803,0.3876650331106953
2024-01-26 17:00:00,8.061188849639485,8.797080862003348,6.968130689780694,0.0432454400902612,0.3691923662222839,0.6618689462160906,0.5,0.5,0.4209821403095532,0.3935688111927525,309.4118478043717,7.907201992413587,217.97571573665965,3.066733035809455,0.3761027496660817
2024-01-23 06:00:00,8.961495676392666,8.613502507996667,9.737186812638916,0.363831697926754,0.3501035062913294,0.1794786194953901,6.5426216684202565,4.029042029346464,0.4876482061631585,0.3529100802363207,356.3460560418111,7.467610235262172,168.50718081167986,3.8667271993676287,0.4102189391334944
2024-01-24 23:00:00,10.165522937401162,6.770723712187871,6.821358968318394,0.4731713570586881,0.7804310086534569,0.4146243083029446,8.18472805455492,2.4815202232619327,0.6613551117660468,0.5305813249652311,345.8211022979066,8.143549941990912,209.6224691022052,3.286748476783388,0.5966158512916633
2024-01-12 13:00:00,11.937603411648112,9.244720303540255,7.55265351483618,0.1818234276136187,0.2420998492381056,0.2569769232821089,8.599561440971822,3.313052555525349,0.3275877613903682,0.2469880610990239,321.5374281130812,8.345510241396967,165.74461058624894,5.521527240946472,0.2682704151015241
2024-01-16 17:00:00,6.911868324524811,9.08563827937431,5.025643708282993,0.3225271039182487,0.444248881365447,0.2289928542487506,4.495781855072613,0.5,0.3968852249912762,0.3310669972603242,309.6250602326807,7.633841308490774,162.23832963373306,3.3934089193317405,0.371507712669002
2024-02-07 12:00:00,11.921381486187036,12.275526994093228,10.354473205760955,0.2386048738658138,0.4394740048347871,0.1247202871857726,6.505018151322543,4.9971640217631705,0.4069721041557912,0.2688043311539889,349.33028994393266,8.327781065541485,149.88605514821376,4.9639478151342,0.2695588999642212
2024-01-12 11:00:00,14.940289532077232,5.201010094785563,7.302617328825127,0.3311276196758753,0.6993836764636114,0.3910362444340181,4.835177181479393,0.5,0.5077928191965154,0.4393454845637589,325.7098355814404,7.571675322903108,200.34305141335057,2.996410083568096,0.5111858936222221
2024-01-10 19:00:00,10.164600086510134,7.343501427776574,6.551474801141924,0.1977084023863158,0.4293739758165324,0.1831629270076243,7.378620288948033,7.647532416160216,0.3731351501492437,0.3122485974441268,366.1277564403734,7.835500054893862,179.85358944789527,3.7964229234501694,0.2804700267163426
2024-01-09 00:00:00,6.628610982703126,5.930993845234346,6.02960055665342,0.2468207703088902,0.4186841091125781,0.4161228862032649,5.918989179083644,0.5,0.4910870754359314,0.4099819934922507,344.3951349460798,8.159471112180755,195.7307390614775,1.0,0.4655888029119515
2024-01-06 16:00:00,9.70269686689865,9.797856985253905,8.534471177293343,0.130323675314297,0.4802002748571811,0.5836064618309341,3.073129632404899,0.5,0.4152759743692397,0.3825364876580031,334.079381322476,7.562603952451955,215.17699602690143,3.740651173692248,0.3809665684740565
2024-01-10 02:00:00,7.019901400144214,7.746879944273718,5.595165523873845,0.4449151844268821,0.4527595696124479,0.4324320147288902,2.718363183057517,0.5,0.5507418265578697,0.4597377611082221,319.066086853469,7.740236183003432,222.18447813968663,3.30821014316546,0.5388152582413925
2024-01-18 00:00:00,10.735240924201182,3.497094204875133,6.081308276899374,0.5860633741983587,0.4344397366522632,0.3930472096752823,0.5,2.206259129399587,0.5634706408910513,0.4394138374452659,328.2640685789698,7.043523728454699,201.8348509805846,3.561067804397873,0.5456211126019901
2024-01-16 02:00:00,12.628335708770145,10.663657618094758,6.774010001593469,0.0551665486108564,0.1795422539650786,0.5566441578422395,7.539036177978971,0.5,0.3394163101935529,0.2802999932505412,309.745074384874,7.168697891869517,204.1458143686037,4.179580479246932,0.316689171946854
2024-01-11 19:00:00,10.58558314004082,7.764187361511136,5.512016801841583,0.0992798795678321,0.370515350404732,0.2589588946229431,6.225839106578265,1.7799999393560126,0.3132782726796447,0.2181203651917006,335.96873170949164,7.568202449969766,173.52819440616565,3.782742280990704,0.1999780877620963
2024-01-16 11:00:00,21.66578043603401,10.617042474101089,5.682223683972605,0.1804793807291596,0.2058443848177434,0.187974093948305,3.5305195971673693,4.6851926571831335,0.2993081590474847,0.2830431741472278,309.9494158553369,8.229961041668659,155.81710792466194,5.360836704877011,0.2750488454213454
2024-01-13 06:00:00,10.0425850665458,6.647101006285963,5.697771382870212,0.1594936378681658,0.2535374438526387,0.6651962400663424,3.5641553000154924,2.0233884259618287,0.4410393969593535,0.3813691370640332,328.30488077425235,7.069472458722075,237.0722555670472,3.850260802806218,0.3967064683408001
2024-01-10 23:00:00,7.792798233409761,6.483178629915376,7.6557713894013055,0.1662389859943119,0.5169833270643723,0.4063362437896677,7.282848795650558,3.0785660982712195,0.4429141954103992,0.3818987459519726,374.564647144424,7.162334608195818,214.1826603920737,2.442337846672129,0.3569054654321262
2024-01-02 06:00:00,11.042549214768266,7.724413312400198,12.708646376820678,0.5021772484475218,0.4479197927167872,0.2350495146419761,8.088625429897021,5.23988499442753,0.5066438339801321,0.4084772019985018,349.7703853752825,7.523087403143957,182.54858610245304,4.991906961353193,0.4940660472287003
2024-01-14 00:00:00,8.576926899563048,4.2455372884978,6.185150053003344,0.3699551095091526,0.2632085785573509,0.5486095752446541,5.584560839904904,7.975037084493359,0.4978233991225941,0.4328725296205391,357.0431032129054,7.721852890250169,213.67636890092965,2.1486469909268067,0.4906388589189259
2024-01-15 10:00:00,11.242933958626896,8.029881585955685,7.669946032150358,0.3603868041417135,0.4202820178086734,0.3114835625295288,7.117500699301787,6.129001198702463,0.4408310372343622,0.3889110752253945,339.1116434533908,7.403953028032492,202.1404893148181,4.282236895085119,0.4037937285995077
2024-01-21 15:00:00,6.924436717209005,7.176946751325314,5.076879595163043,0.4145365012833981,0.713428318286044,0.4644313680342373,3.270671141792377,0.5,0.5840307601029835,0.4677811908128938,319.1566994218183,7.258268826538224,219.86514274554648,4.792955114988112,0.5541337443545471
2024-01-24 15:00:00,16.297473099361632,6.825564670614728,7.536121063434586,0.3138046896569406,0.6849849213405997,0.5098112291872204,9.49041064941736,4.676963415107883,0.5228104825752085,0.4122449100259206,356.8622328618078,8.388140293404755,230.289786512773,5.014539307852783,0.4362929527681544
2024-02-04 00:00:00,6.922433439854147,11.267326243183168,9.451767732493868,0.3225121548322135,0.1477440531132337,0.7344760929302443,8.70618132409818,7.246614158632925,0.4835911910388378,0.4210460256000667,349.8211082017351,7.638545169557952,242.6282349826872,4.090486574602902,0.4426211721345678
2024-01-14 06:00:00,10.673840555968154,9.46581861159128,8.853487057828163,0.4276384728850725,0.361721530409527,0.3559314804412634,10.509145280665251,4.710364520005816,0.5038886075160035,0.3936918544621508,351.1212488381399,7.760395902139813,215.8878985114293,4.099913366694105,0.482774241697367
2024-01-23 19:00:00,5.7618564989495535,7.290239022389896,7.346843387214483,0.4784316476509809,0.1322911990755967,0.3415799792460015,8.58661642828862,5.502945575410047,0.4838308076423312,0.3946141719551565,371.4021498788639,7.948346729255179,184.50594488148403,3.925570767095688,0.4348362879519877
2024-01-29 06:00:00,10.508436900888372,7.766204509135661,5.1988069466342175,0.278675535792838,0.170606636269971,0.4372556529251168,0.9241359478490097,1.7684223695435484,0.4157874961295011,0.3112120429669799,321.5590086984237,7.705126736039645,196.37001314552649,3.204175282583207,0.3360246721586013
2024-01-12 22:00:00,9.418531724264438,3.6553203610705,8.046522606159717,0.2129784211636202,0.7255790312405622,0.0950264213822305,2.2488909884117207,0.5,0.4589550022962486,0.3828963406997391,330.63557308139224,7.791717769159646,156.5918464591959,4.544087342299372,0.4234591509113887
2024-02-10 17:00:00,7.480695621510546,7.287820900165732,8.565462001555172,0.3220693362888759,0.3397743872495358,0.5451591135141834,4.925928896475657,3.4421488240840383,0.4669355976172863,0.3751866556857743,366.5352102545265,7.654862092823824,215.62854283193815,3.495117483299369,0.4409993469362858
2024-01-01 10:00:00,8.945748475270141,8.45532651839893,6.995020486840341,0.2685649459449292,0.4586583271233126,0.3102612296112021,2.9522883750701348,1.8913451561154064,0.4280224902394954,0.3301480203867586,330.80422623357333,8.522679818016611,202.22275564120392,3.295749120011641,0.351823307582736
2024-01-10 11:00:00,17.298385259516667,8.073339926734901,7.111682553009696,0.0512318157143002,0.2712637154286794,0.3392622757637943,6.65388571567311,3.767313003424321,0.3308608092216759,0.2550693818889658,333.60614253682155,7.899902302656184,171.5824354347399,4.652677141604926,0.2479092317884349
2024-01-31 21:00:00,12.262587370186123,8.011636727603445,6.571883536719681,0.1457051120998167,0.4939330458680298,0.7079166015396839,7.011897641425321,0.5,0.447280564912576,0.4196912435424544,313.4220735777093,7.789500674838447,227.5230682241304,5.685804743509242,0.433771676561974
2024-01-27 04:00:00,10.978583305676336,6.518267118393895,12.261184043782045,0.1993743396124309,0.3708279748713618,0.3932065772144421,3.199913093910853,0.5,0.389665371916271,0.3271840666749354,306.27951634182034,7.492127845288019,182.875656334592,4.15300661850554,0.3452623267798152
2024-02-06 08:00:00,8.226830912418052,8.07479147354202,7.40182614175684,0.4723950273735118,0.3590344138588937,0.5815332594737742,7.309732922687701,2.809824407913511,0.5029885626203773,0.4230742723083766,331.8365349934381,6.908390360386235,223.9045707353242,3.7788821302539617,0.4653921465556221
2024-01-28 12:00:00,14.489057043692098,12.63399716293824,5.582062141861293,0.3753593780892817,0.4362862980416419,0.3645500330186989,7.631121917858682,6.586456316053348,0.4982432539702686,0.3545310241454384,344.46038047842865,7.924572775796842,189.94953393290825,4.919929585709002,0.4066734827887908
2024-01-08 00:00:00,13.609449801634936,6.941459706524134,5.427525075338831,0.5785961057439233,0.5851399425061955,0.4257519609860853,9.131429374908963,6.853239954431452,0.61293482729556,0.5032556854419868,372.2808905179404,6.885747525280982,199.21530687845936,3.980213101047639,0.597175671967755
2024-02-08 05:00:00,5.895355792385792,8.132680766211575,6.093014451298888,0.5128002346414234,0.5288088488919785,0.428582867282961,2.611546592428531,2.194403897203013,0.574716906640875,0.4167999596052483,329.5797708711308,7.200301362702289,216.22847544381975,2.40558638536636,0.5188033386923969
2024-01-01 03:00:00,9.310363468152916,7.476603140593098,9.199021995564769,0.4665049147114983,0.5086294778126998,0.1886051220845212,2.435630205983705,1.9143398860857583,0.5230364676497894,0.3664809526943295,335.2863211033241,7.657029258584787,190.1222598418556,3.1909671094178464,0.4351204250538744
2024-01-30 21:00:00,7.877671158420084,4.432124520010115,5.4537956109329455,0.6081811748496179,0.5978045264595434,0.4645955346322391,0.5964436330634184,0.5,0.6604504083138957,0.5112419845794899,323.4091978228994,6.886548631421344,212.5937108175876,2.6289900653831637,0.6746951472437132
2024-02-08 12:00:00,7.619491526907175,8.88991408785813,5.046729944656298,0.2385299195031365,0.1428056393891767,0.3431053847990834,2.950146172460334,2.0071062136579325,0.3857009968078573,0.2550135313370863,317.21464231364695,7.298521443670935,196.047729174149,3.426702185781574,0.3178953649812105
2024-01-24 05:00:00,9.461634046350005,14.539152355852542,6.116257203818422,0.4314549979299439,0.5339315579027922,0.40962270846331,9.214932252083052,7.878750413257515,0.5595964972965732,0.448952115389427,367.9144824002953,8.01080420515407,215.363482300136,5.569973591037902,0.5169286913286976
2024-01-25 14:00:00,11.260573248067686,9.887580714483168,7.713534623721442,0.5705212500873803,0.5188868635067683,0.5417834328907815,3.935979142080285,0.5,0.6006868200478399,0.458475680258921,301.39273473584245,7.131360324016998,234.2404325543285,4.634000861887442,0.6036779081585081
2024-01-04 14:00:00,17.991774107758733,18.859146142210367,6.848917683715055,0.3214291682108322,0.7171676503147161,0.0220176583020456,7.957467900219431,9.22400131144603,0.4866054227498602,0.3281011378401214,364.7566208400322,8.116371748160233,164.60103987147988,6.903241048150753,0.3917291070768683
2024-01-11 14:00:00,13.02194579535981,5.910579591531865,6.892006812366606,0.1779419636138001,0.5867655620604857,0.4642405338115672,5.978047514801622,0.5257921204697755,0.4423628973559809,0.3962278401913499,342.29475187775205,6.933267226457297,220.96409219013884,3.353353218298362,0.4056871545642456
2024-01-21 19:00:00,6.045182771538412,6.405760317914119,9.07282096365785,0.3153804639394195,0.6450714160114904,0.6941671266016741,5.50161248825914,2.5512037861957646,0.5948845373857693,0.5001469545022952,340.6688284318211,7.238902873412298,226.7727589708364,3.085857977651175,0.5426187020948973
2024-01-09 17:00:00,7.455546844162004,8.173266957175684,8.428031786895966,0.7973011461349168,0.6163000849524749,0.4066001454778812,0.8947977824646838,0.5,0.7240930657388546,0.5566384208723767,326.3872633099785,7.746173677910681,229.27315114617164,1.88727506968713,0.7167720820359202
2024-01-23 04:00:00,7.582708607292643,11.720884620982126,8.43960007036948,0.4719473061361383,0.1784262816171839,0.4193574398098448,9.683651357504928,3.5509214797420974,0.4797469886715825,0.3981014624099001,346.47316532308423,7.555043043608313,200.72198956981984,4.215171232609603,0.4266241984348475
2024-01-28 04:00:00,7.939198433324784,14.247068044347929,6.793461935284523,0.3418186298146405,0.1349792795753078,0.7581660796116895,4.075809090575603,1.9233351627389488,0.4697152292730026,0.4282555364570523,334.9065254414879,8.19666207313939,239.21047238722053,2.846708853529417,0.4641119862649454
2024-02-02 19:00:00,11.318163589981904,10.737690811156757,6.175497202290728,0.2507110210665224,0.4165550893654555,0.6119637972967056,1.6217861890102827,1.7641289239165716,0.4051516831504612,0.3569397780438857,325.34067528236056,7.415793464730873,229.19136204522917,4.849798573437725,0.4047362134459727
2024-01-28 22:00:00,11.916780810070884,7.057936308961924,9.020311332754943,0.1973841265402237,0.5942091006661578,0.3170458316425314,4.188412799326061,0.5,0.4306424008494016,0.3326937421860522,330.9089557500019,8.49906367276538,195.4699447237936,3.579999702836546,0.3986818381524186
2024-01-29 05:00:00,6.788540611211825,12.966163955213856,6.908838989627332,0.1940836013906134,0.6503499488113851,0.3937792836855444,0.5,0.5,0.4601902865572717,0.3433707205084586,320.7952094474772,7.816949433039518,201.84895665708183,1.6243552332810547,0.4192771281330859
2024-01-04 06:00:00,8.138716977788489,5.939644027086937,6.79958840246033,0.4462107756022008,0.2425919405356691,0.3534691971381282,9.9450952373831,7.681723467452539,0.4330263315361109,0.3576056364504997,347.48613036635805,7.1768688907508285,200.36821210556047,5.673586014170311,0.3766729484544154
2024-01-15 06:00:00,9.392426546014466,8.877242418066425,6.792728775226201,0.4705418673277022,0.5718699311823157,0.4566231051212986,4.863658809161233,4.160936853491933,0.6556015229483817,0.4548003950309151,350.44399188704165,6.749107114506554,228.29736109024992,4.114221461340084,0.5773128021042775
2024-02-07 16:00:00,7.82077487653655,5.758736912064458,5.680511075808013,0.3199305264709866,0.2367681667777464,0.6723908742737147,5.405382339642733,3.510742901411282,0.481280128993184,0.402705457261561,367.7121176619149,7.4276454853117775,217.05892245552977,2.7131876026472037,0.4541105362692437
2024-01-25 13:00:00,7.562147891504261,3.912282936746737,6.442998105015613,0.3810435886767093,0.5436979115605097,0.2197762297666899,0.5,0.5,0.4401749365114645,0.3634321277722862,301.30831497531125,7.586804874797358,197.05133687676047,2.790017238963819,0.4485211717299892
2024-01-16 22:00:00,9.289052963186409,9.18650749835548,5.897602907179198,0.3725763164231774,0.4401764027125711,0.6410484866845966,0.5,0.5,0.5185924152302501,0.4319818329898962,306.29695736241246,8.983380573435186,227.5903565113793,1.7059110053697402,0.5469452376554539
2024-01-12 16:00:00,5.075394496779577,6.014951360321318,4.771775427676403,0.4274240406726006,0.3215476793212424,0.4991208126767912,1.2360659116961543,0.5096253986585031,0.4803094631596971,0.3587532123624191,319.8759296549973,8.597846206868601,207.3570485242794,2.9058836127380863,0.4563534551218307
2024-01-28 14:00:00,12.082554086362506,7.545227342817669,7.678345760238886,0.4164886843387222,0.3253716602337445,0.2820605107924029,6.377805642884214,3.6607776829248033,0.4796529474076596,0.4171168486081366,346.3103344012285,8.08893728925029,179.34049165219267,4.572931573395424,0.4532340351338184
2024-01-19 17:00:00,15.559637045444733,5.982002877383141,6.786279037251351,0.095100709252155,0.4501782640828212,0.5055946678946261,4.922300998713183,3.3165490344049497,0.4249491426722145,0.3391048987017885,338.07675235658223,7.4643009778527025,215.8542259989208,4.072468367730352,0.3534282812489444
2024-01-22 09:00:00,11.548196520849253,14.297507937390494,6.4524788775679305,0.4622447759153471,0.4913490838208903,0.4374752456059799,5.735885953850615,4.552778795378072,0.5643691505706503,0.4681506707995373,331.02219512737344,7.569899371546134,207.2555543771554,5.398506707083774,0.550968332332287
2024-01-23 00:00:00,7.237168415879066,15.266064715582145,7.24406973515858,0.5242317874291011,0.7090706713184106,0.3382417613699917,6.417481197737681,3.6007378224971074,0.5967855474063518,0.4754977341649385,342.9064514802391,7.294237564587696,196.2018944790372,5.300601039506514,0.598771345779088
2024-01-29 23:00:00,9.377390714622042,6.63199185683515,6.485683947882295,0.5911788559689014,0.8260013931523984,0.5159448540074698,2.100644161852736,0.5,0.6747228341584081,0.5542522232818178,310.698434033074,7.700733256670615,219.9565458975716,3.1932243248366534,0.6768103864255868
2024-01-25 18:00:00,8.967706409950106,7.480410175602229,6.6667640031764765,0.5558215080535597,0.394316300684171,0.2308801251305616,3.5088737527412626,0.5425908448125668,0.5155779950492799,0.4151997858903195,305.3363653463706,7.212191504133211,199.99812667854388,3.37701051600468,0.4945000906874245
2024-01-25 05:00:00,12.069826075725688,4.670714923454012,6.232950896344321,0.4098506559943597,0.4716010254662098,0.497026253360136,3.678703659449656,0.7592927302916478,0.5575451322752601,0.4155395246251666,316.09839470103503,8.070286027144977,234.02709186005544,4.669133834950043,0.4985619625393166
2024-01-09 23:00:00,7.798778286789593,4.045529723430526,6.2122860657159285,0.2610122411166073,0.570363058561898,0.4011635584286264,0.5,1.8506871269737584,0.489184708933439,0.4136027483049621,322.6009344412936,7.034740836093554,211.205504008705,1.5287932698049205,0.4646450773819258
2024-01-18 21:00:00,10.410885855333031,6.54655060907684,5.641230302096722,0.4517373396594818,0.7950724744178269,0.5530071800198673,5.881008049419278,3.3747952306451,0.6529704941367421,0.5122836169317139,343.46295937327693,7.063708515508238,233.659946983394,1.7218283079201493,0.6316807533393138
2024-01-15 15:00:00,6.07243295833541,14.867476539206423,8.735899930258471,0.2830181294779456,0.0968956548451938,0.1176631786944277,1.8105949612843877,2.3813103808121,0.3511838089516045,0.3266999396553891,318.57217122922054,8.059989858752944,160.32383621597236,4.770765667168588,0.3169083405868849
2024-01-05 01:00:00,7.90041871546914,7.277302472846306,6.407449461521346,0.4559308706149408,0.6880588129806118,0.3850413062492303,8.986224067561583,4.667037611470727,0.6011358121796967,0.4885703118672135,370.25089793368807,7.157965256692815,208.35983341635875,4.004507733973709,0.5784116183390762
2024-01-13 08:00:00,8.53377228724834,7.968367530645064,10.357409073094368,0.2303232767537483,0.1057710151620847,0.573890669140333,3.296577860602558,1.792686785824093,0.3741196913169144,0.3407566345632939,324.7564656782123,7.412179989722926,223.19948174847465,4.052980650627678,0.3337215035373037
2024-01-24 00:00:00,5.788811112944452,4.316956842433271,8.198886304292216,0.2034847869901484,0.3016277755730983,0.5512799926705567,5.088697796523246,3.233003987135274,0.4449645194816876,0.3621592244486843,380.0,7.662915889341312,212.88554342379092,1.7971218355271454,0.388297004296733
2024-01-04 12:00:00,8.960811538307441,5.249298618233803,5.558965795729663,0.2882702986232072,0.5509870434123211,0.6158447492230773,6.935318537449922,5.5301298724330685,0.5469967800374934,0.4788243514193436,361.9870136220962,7.477958416756128,237.01667130908035,4.138800273077396,0.5194496834404352
2024-01-04 10:00:00,11.193245287849372,5.569505036472993,10.012628726288437,0.1505337835541501,0.3826731232738702,0.4553979235266076,7.3537467879991105,3.3084001548985915,0.4174628230975175,0.3124755990776952,354.8809032822952,7.10685148215429,216.3946107787112,3.879188702074429,0.3079779078717292
2024-01-03 17:00:00,7.879080711624728,8.786747958421152,5.277568196476402,0.4136568286920841,0.3631724159971926,0.0730691151654009,2.70926502118325,3.0661878142736483,0.4240122889439413,0.3500906306600529,359.3671123486185,7.756949046659456,165.91060772317934,3.170894462657708,0.367205112886607
2024-01-19 16:00:00,6.632321610031069,11.78340219263807,6.519426131217042,0.3289021731270157,0.5497887854857805,0.2743363408441883,3.615538550231176,0.5,0.4492167710532283,0.3525465463898027,336.8704769767312,7.873707646385668,198.1651205921505,4.137446756917207,0.4260436575664622
2024-02-06 19:00:00,7.711241387798957,6.667852445729374,7.920103318510896,0.1546046537682208,0.4686236292456077,0.4244336669208525,2.3845479714022075,1.6057746852954584,0.4397329772835793,0.3796492213487433,345.4113133137126,7.707823558239481,223.8602679729786,2.5257107139632007,0.4323484118040208
2024-01-02 20:00:00,13.932613919372905,12.45787745010005,6.601452920601608,0.4744515352001123,0.3743393172067156,0.4275369198701491,9.147264199114987,4.021924459941401,0.5292517579513348,0.436300094707967,359.7781679660404,8.114915387517902,224.1923448288128,5.6345644161325055,0.47555031788745
2024-01-09 18:00:00,9.59417726153486,8.224459571223582,7.319224413659102,0.3460210053583791,0.5000675684393506,0.8831982382334072,0.5,0.5,0.558749629286442,0.4884903568256689,325.4240949951591,7.849224922369814,258.1561607999536,2.8773117317174126,0.5451299219941823
2024-01-25 00:00:00,9.412832645630486,9.820644447525272,7.974177748465687,0.178182809807006,0.7332160761941914,0.055717169785643,8.187107575552409,5.315672853412858,0.3913635712072146,0.3148619604397338,338.7348588465851,8.184858655804742,156.84184751032046,3.3650132008755307,0.3617549663140147
2024-01-13 23:00:00,9.864717111956107,6.63013724763102,5.704823074994285,0.164448702589939,0.1474793660242309,0.3874093244653828,7.534478749011453,6.324357259885735,0.3627548470389561,0.2961858973778093,359.05105885203966,7.947243338734292,182.04591382016568,4.594860199342648,0.3142281627226413
2024-02-10 15:00:00,6.029316041972219,7.792342913662773,5.550455271781219,0.2532913399073848,0.6602826861265869,0.157842620339974,6.854517583358093,7.072379676190225,0.4753463982579169,0.419458645287196,369.9671557207458,7.509444526793394,168.3710162451284,2.775983349909222,0.4206821259391768
2024-01-14 21:00:00,9.032161616874465,6.388134691606848,7.848429200409392,0.4735790028203311,0.169306825974719,0.2463255954835509,9.080018076838606,4.58632688991287,0.4429603269630878,0.3353013433467359,354.8207931734511,7.240561712383169,176.31709962137907,3.342275655128816,0.3805399751545937
2024-01-18 12:00:00,6.998956029671134,9.620898984485097,6.354711250731687,0.6727926306908961,0.4437076448458202,0.7680906562665764,5.051539190734023,2.913552165232731,0.6972391205904729,0.5685280165801742,333.0365262344256,7.754260528170197,225.29725923385007,4.52275292355302,0.6931448581308816
2024-01-09 16:00:00,5.94368575062568,7.17209716670552,4.64053100680753,0.0718085300594675,0.7106110265509106,0.4007006725364969,0.5,1.9956898345627196,0.3725411184546839,0.341424971625845,326.135175346218,7.397461119886691,212.6430482619105,2.063946144638617,0.3523498940093895
2024-01-12 01:00:00,6.792252475188727,5.321935377652714,5.416730093195497,0.3513720789046526,0.4638870009300119,0.4377945946177904,3.5825222785523705,6.228152199841724,0.5222548089438652,0.432350441592045,351.5354962219307,7.83415309023114,207.5417373142199,3.628430003478363,0.4371896239388221
2024-02-08 10:00:00,11.528328686494536,7.172618802330652,6.167479822689314,0.1498607097448378,0.1737809344499647,0.3212787080061531,0.5,0.5,0.3720174946366762,0.2752802807737534,319.5916321060847,7.576314551940413,186.9756551541296,2.659812020182504,0.3220887374759487
2024-01-30 15:00:00,7.6891407711958335,4.042078029004809,6.115466234355444,0.2236614735698372,0.1814655202517229,0.1784356056769401,0.5,0.5,0.382220187733215,0.2608957135872887,322.1702198436469,7.832027691526788,163.82919451592525,1.0,0.286289207115156
2024-01-01 00:00:00,7.707440906072938,7.550724640421157,6.14936319101116,0.2278756962659894,0.3845282650883486,0.25436427183811,3.267346528726076,0.5,0.3483524855611377,0.3622577379986665,332.3026342176331,7.714842480357409,175.62351979399398,3.362856386851432,0.3211731090076847
2024-01-14 07:00:00,6.855798230688112,10.503808054186411,5.4642715311263,0.4826163626593524,0.3604936279295624,0.5896331782250344,6.984788095439786,5.583128000072367,0.583122585892026,0.460319738517498,353.8338683895094,7.658523280423794,233.8933389322029,2.450269757181877,0.5417239808638052
2024-01-04 00:00:00,11.718099358867416,8.387663458463438,7.15688863949074,0.4435157504923385,0.198217718790257,0.6930067489619751,8.59764766233365,5.384854443941048,0.5234819830125763,0.3920970413517745,342.53810262131054,7.370798910079618,212.30978996107405,4.929165231764666,0.4761705613124274
2024-01-13 19:00:00,6.999756679655708,7.906991863168276,4.346013647517049,0.2641266065486214,0.3773778279047197,0.2676130219486057,8.112137289198039,4.873023179558386,0.4318975708475348,0.3190737149943485,357.1940671793993,7.548355962342906,178.05506232157452,4.157893675283429,0.342077617008653
2024-01-08 16:00:00,11.912150372163325,9.085343890582717,5.744878840422638,0.4124169725322448,0.3081511781907213,0.2891268883796092,4.162677659621598,0.5,0.5031180508340667,0.3646385250654607,328.1558462785925,7.344131171244064,182.29010557138784,4.242780571439208,0.4506490982756188
2024-02-01 17:00:00,8.846031502699788,13.294653305897736,6.998122402763083,0.135463891742002,0.6152763455154964,0.1662386915765352,1.0549382209983926,0.6222036037626275,0.4324872402479724,0.3686840320756414,305.9877854250523,7.556017437280124,151.1156862227882,4.304759460681485,0.3944048795430757
2024-01-03 01:00:00,10.291660005507456,7.52051299224204,6.2208923813165145,0.0899140630400343,0.1364033472508838,0.0922890295622983,9.6006927892846,7.75927821714218,0.2273646006668274,0.1650724986257481,362.8522959423248,7.734076307437696,160.62715003486443,4.534611396943252,0.073353723355671
2024-01-27 11:00:00,13.134424369210114,7.9667283055294895,4.9593425119893375,0.338487106901068,0.6088136451242474,0.3122968403675419,1.8420542129809512,0.5,0.4340138357489942,0.3588213062627905,300.0,7.473058306610737,181.4992628202613,3.275049626392418,0.4029099915417946
2024-01-05 22:00:00,7.719843679253105,10.042766610957154,7.835601716456929,0.3202683108855189,0.5331405707654528,0.0756300813764923,11.100035931779992,7.813251720067737,0.4549449491636003,0.3387900772800484,375.0544513937872,7.809204693960084,156.61869881329147,5.297485589042648,0.365033435494662
2024-01-06 19:00:00,5.702220551857011,11.886843222301854,7.5693130246676,0.0401548226219261,0.8351972759118629,0.3834741575313281,5.235260929842961,0.5,0.4255191225251686,0.3691359544446229,321.57402173691366,7.400321949365502,178.34447954382605,4.326512221464196,0.3894564247140297
2024-01-17 14:00:00,10.508583070040308,11.733843563032872,5.298862039811167,0.4219562805463535,0.3058088881126027,0.518139184414616,7.201682377182935,5.76138678178827,0.465012926030168,0.4181811474903792,350.8161502612555,8.021261109810771,204.37280190298887,3.765351915737309,0.4571135524455622
2024-02-04 06:00:00,13.223760333242842,7.298651553613504,6.3614059765034,0.3576773038507019,0.1854584986948291,0.1933047275217723,11.185946059801603,5.703251598133762,0.4130369404312635,0.2983455332001278,355.1237379327449,7.5792342703933,181.35763611617432,4.167586740188624,0.357358702884389
2024-01-21 14:00:00,7.294169767845016,5.024271019893296,5.077750044346562,0.2315193405429599,0.4610581277044208,0.4582026245021954,0.5,1.8761848168188149,0.4574277511836763,0.3266547980908534,318.9704367863514,7.54083754853772,206.3499618661517,2.956036906535989,0.413080185711924
2024-01-31 02:00:00,13.178589697748343,4.181286454001256,9.643776997133768,0.2697788082950434,0.7432283865907395,0.50679094785659,5.134061820173193,0.5,0.4963059643131537,0.4083679586852442,336.10219124736466,7.665575640735653,207.11136761002103,4.041586320988728,0.4482891188924747
2024-02-09 13:00:00,7.497992018896987,13.076439390080294,6.268973490727912,0.5978754218658375,0.5645708384840865,0.4517577361975528,8.71823846037556,5.930713704167457,0.6243507808981695,0.547706033125271,361.1984524032417,7.3197713547859165,202.13098670763105,3.982954117227461,0.6102759280455482
2024-02-06 04:00:00,10.819112238691815,7.635141104487827,7.741163917643925,0.4176265785046377,0.3578634523257911,0.2032294873773402,1.9210029614723745,0.5,0.4085083812806226,0.3516522839131379,326.50167474568804,7.336513185910837,179.947287799294,3.469491162473992,0.3829459477527073
2024-01-28 02:00:00,5.787992756522445,11.082309142365787,5.976137724532089,0.4331844509137784,0.5682939977098882,0.50571689574079,5.204345529629463,1.6645491327537325,0.4963858184089763,0.4371881521803515,333.8983605138548,7.605591227606032,219.62000628726776,2.3606807710367823,0.5022265204757822
2024-02-04 04:00:00,6.289627835827398,8.232828397060013,7.001842025053926,0.3678732495926522,0.6739908103832959,0.4947845385494682,5.8738095999852975,2.304637173858218,0.5198661746210549,0.4248841934455065,354.41568611975026,7.63026982328694,224.32129963049877,3.134410865293789,0.474353182727142
2024-01-11 04:00:00,8.968643776719682,11.054667499047142,7.281756814416784,0.2454280380185526,0.2473402285101495,0.4638542773531826,9.156924996610416,9.132642098141432,0.4069128619435518,0.292751863514144,376.0417081467998,7.705521422831551,209.8882680084281,5.805800567644664,0.3184051349595602
2024-01-21 21:00:00,5.966847150289898,9.236256213579004,9.52006369381684,0.3027632111809871,0.3607632417358132,0.3398350504461746,7.548634538704704,2.5713570894727686,0.449579823309203,0.3694390929469694,348.9655988767367,6.85350207358653,191.63762153965652,3.0698940960168724,0.393530653618027
2024-02-04 07:00:00,6.247314565115308,13.490834419741947,6.523842255511417,0.3010674881063465,0.3785768182742556,0.2364735108792492,6.632910641589615,4.520375327973864,0.4444545689005106,0.33919633376356,353.3623982528756,7.838479644235958,193.24138562521784,4.326052869817148,0.372579565096439
2024-02-08 02:00:00,14.951662399172276,10.499050117282843,10.160189961989351,0.312102535698429,0.430563317466544,0.5481457872072099,8.991362634662483,3.445694070155531,0.5481648603654315,0.4431256416978485,349.77024343777515,8.079711168685089,220.7910477178873,3.816339565767842,0.4784036166385296
2024-02-07 11:00:00,9.493638588127189,8.993025841607828,7.98089584957037,0.4920078189635381,0.5025239091138014,0.1938133656941806,6.724278776518543,4.872033010267414,0.5218227833629233,0.3969167618771423,347.8765575858448,7.9524700692973935,169.4892698444846,4.100782999212336,0.4751502768537435
2024-01-13 17:00:00,7.490613353807401,9.304376554994803,6.298416208845586,0.4027676952193316,0.4756015670468629,0.2998347716135627,8.999763322175841,3.2133892391685706,0.5036442448952572,0.4090259153534139,345.48110727178056,7.4405888119736945,186.63919527216396,4.636202871326055,0.4533243904812621
2024-01-27 02:00:00,7.661685436544184,10.437448939947627,7.817359353550066,0.162719653923099,0.3347325589722004,0.3942907550346603,1.793301805648585,0.7093841729008182,0.3610753064220388,0.3047373203104171,310.37996032172515,7.609914810060593,191.3447100071737,3.419630906700326,0.2926773499317274
2024-02-07 06:00:00,7.878481019320666,9.739565852902302,8.909151392923736,0.3723866870922041,0.3325821267202578,0.354748935439804,3.972178844808104,6.9503423705438525,0.4890590154063948,0.362533495473693,342.3482002901988,7.493068576004438,182.58844625479412,4.183670798176252,0.4136124378159902
2024-02-11 10:00:00,8.049028431232161,8.085008067229719,9.727458113900692,0.3716438770858374,0.4005995733514902,0.4742502691011429,1.990689217133787,0.5,0.5046918736802745,0.41376343123014,300.0,8.167601608150099,219.20764303641928,6.199200135399005,0.4440405449359692
2024-02-03 19:00:00,6.08899405642658,8.811951713895647,6.28099663369499,0.4192582183829728,0.4881305745480616,0.4394363519066414,7.796953433675184,3.739626783036696,0.5476684231461798,0.4677619456759622,349.1359570827491,7.942601132197953,209.82813016491104,3.09263237393756,0.5061277859825273
2024-01-03 12:00:00,9.958670955851266,3.2727251956072134,5.389322218358579,0.4422207753067708,0.4367115232340133,0.2886364564730186,6.22290047638384,5.089270025318142,0.5006414939023914,0.4000333218994467,366.7302148978968,7.363671872105687,201.70335469495225,3.81172637742324,0.4397723737114347
2024-01-26 03:00:00,9.841053245568943,17.100676258043386,8.457542125565174,0.0631716976911389,0.5841368901302706,0.3152632215094263,5.452151786446311,0.5,0.3561360552686384,0.2895621011833131,316.41903176738083,8.234963764785373,182.0569235510248,4.282235802017997,0.2803011895176384
2024-01-03 18:00:00,10.33759612410678,6.260264111196285,7.467715440447422,0.5745141849383807,0.501927913508957,0.5206986941021894,3.47979427010019,6.2654546250419125,0.5975153539867853,0.4971161891770372,360.116107820414,7.738976336773564,220.75681870143904,3.1487902326491346,0.5956542829002632
2024-01-30 12:00:00,6.330513107989486,8.391154211563919,11.126162555475288,0.0561824711378235,0.0351967292899149,0.2119045343523882,1.8595728549168105,2.528726508239425,0.2042890634067466,0.1591146434709794,329.31901034333566,7.449265480560321,173.35795461543685,2.021443683341193,0.1219956430716281
2024-01-14 20:00:00,6.684982631526092,6.71907483304648,7.064352544478733,0.1655898521503768,0.4239458583081233,0.4314124180497244,8.435082468656896,3.5322963927102946,0.3598616535560008,0.3352551880450695,350.54116331459244,7.3623156176862095,197.1303416599762,3.620470844124768,0.31619176883388
2024-01-05 14:00:00,19.13980875603684,7.926770729313831,4.581122317421752,0.3325735669673986,0.4036982132035326,0.2485123120348167,9.464695067886533,8.37919921614723,0.4238942852495333,0.3478471573194023,379.3032267870775,8.767441386134744,177.15542045398502,6.114236137467268,0.3750938385618955
2024-01-16 03:00:00,6.162466786443599,5.869946193001397,7.253063851068425,0.0767572841665945,0.3205787200996006,0.3312535950998964,0.5,0.5,0.3057080925033156,0.2483460686338433,309.5512606070175,6.967657152500156,171.84419216187692,2.6559828413169444,0.2276303063947237
2024-01-21 01:00:00,8.55759374895952,10.390554056434784,6.061898334387014,0.4780030956848251,0.0924928093884127,0.4324917424341987,1.483112614934001,0.5,0.4226105108467111,0.3508005069633459,309.7873009983625,7.823441107090245,196.7646237192912,4.241836835541042,0.4302529544085421
2024-01-06 13:00:00,12.120883299141658,8.627680867983269,5.350131840496211,0.3139481443885324,0.4146226653892789,0.5611750539626205,6.628068053025864,4.00094386936686,0.532708034799086,0.4021277597303625,343.11795736832045,7.798222246280876,210.2434625464649,3.778519579732688,0.4632851131926516
2024-01-22 18:00:00,9.4876382753969,7.102982210189837,6.393458142307247,0.2989237599673676,0.6746767342845796,0.4980910916611888,3.744873987553884,1.5406510126050454,0.514573929824247,0.4670180908374192,337.59744365562887,7.1816039705817465,227.37861139078157,2.855592428314216,0.5133076507920313
2024-01-23 15:00:00,9.603320832737834,5.8813369944299065,8.108205193152465,0.3094698452866405,0.6188837614969113,0.2636713744011947,11.351892904212296,8.672301282305153,0.5314748859958297,0.3650360832072404,363.9704381149495,7.196615504239739,199.14719728934517,5.009706665805961,0.4311839650225033
2024-01-19 08:00:00,11.788860045092296,7.483665863806454,10.513194984645112,0.4147188421780636,0.5714069261647261,0.1747794639302761,5.353315744681855,1.5963096329579138,0.4642668916914313,0.3730572537068926,326.79653538522933,8.099625174656941,184.5051526195036,4.861210437529762,0.4010009011338932
2024-02-01 20:00:00,8.615874515252127,4.915436068479482,8.041845573124274,0.217999601064753,0.3598798721370235,0.2920618408849589,0.5,2.995526290354107,0.3915431107417186,0.2785804799225507,304.2730437976262,7.135655339036333,184.71732534343573,3.8931350593705862,0.3125291257149017
2024-01-12 17:00:00,7.944227136433495,7.460665070734969,7.808721417053274,0.5410224951087255,0.3578433441490242,0.8057521690734604,4.351123500404196,0.5,0.5948926390183289,0.4629343093909617,319.4724927695106,8.640328387797826,229.32430260138185,2.916786755280591,0.6087995703017239
2024-01-16 20:00:00,7.578741589260768,5.653576326738114,7.297329691709911,0.2266937601432119,0.6328294424913712,0.3351563577469934,1.0451216188180463,0.5,0.4788981768424101,0.4346021494295481,304.239973654378,8.248644360219476,182.1275966115446,4.14177463538148,0.4597882995044567
2024-01-04 16:00:00,13.227870769267746,8.930774938235688,5.150724277402414,0.5319494681540069,0.170594138055145,0.0913026036847616,8.073420268305611,4.108500456157298,0.4112735561159956,0.3768042213061069,365.99290102840206,7.414574034542109,158.7824801531949,4.846185541732507,0.3518048940334456
2024-01-17 10:00:00,13.259871123077753,5.627010125044806,4.336587003642856,0.4385975709788209,0.4756965502709868,0.4749392172199617,3.951404128638234,3.006624879309916,0.5706941248196996,0.4819033382723061,333.5665358307776,7.519641080404202,213.98194256536289,3.83787775909936,0.5271804634738473
2024-01-03 22:00:00,7.994152886902087,10.151325302632014,6.73030066983174,0.2791673637764796,0.2318562653794479,0.6467597116637666,6.7307428011497095,3.364350692051728,0.4931595348638062,0.3950268107948045,350.1536558501057,7.241008738482295,213.4125445508704,4.0360366597521535,0.457030010523259
2024-01-22 23:00:00,8.741089221135617,10.507390600422362,10.060165739150408,0.1530160037114544,0.6729487843521809,0.3325788905965624,8.667376515233563,3.142581462982552,0.5154593909425913,0.3972775887249111,343.16930048273696,7.318183462862198,184.32762925700703,4.876900372779202,0.4500580845585673
