timestamp,inlet_flow_A,inlet_flow_B,inlet_flow_C,inlet_conc_A,inlet_conc_B,inlet_conc_C,reactor_temperature,reactor_pressure,agitator_speed,reactant_feed_flow,reactant_feed_concentration,outlet_flow_1,outlet_flow_2,outlet_conc_1,outlet_conc_2
2024-01-25 08:00:00,8.34044535738396,7.848626421084491,5.768822831185052,0.2304242498931342,0.561374834135221,0.2359166093251914,315.634188168974,7.607983901650296,180.7766796324538,3.6909578107474736,0.4145491218267733,3.3969267136925883,0.5,0.4527993258290705,0.3894070697386862
2024-02-07 05:00:00,12.802848896332652,4.958508113744989,5.598244604068031,0.4804723702202633,0.2461145102459726,0.8072337275678524,340.67055385677213,7.917795405052132,222.76981785424684,3.4358765027374907,0.5345722045481298,4.512719431431767,4.946782580633974,0.5590562762206381,0.4880367069160979
2024-01-30 17:00:00,6.062508835990105,10.396361887512068,6.208097742180747,0.3790652087084628,0.2708234403154263,0.4694464232347786,314.86605508939334,7.586129917888853,202.1554638862472,3.1890185435584084,0.4775768468146992,2.348526970084344,0.5,0.469572649658399,0.387084311686804
2024-02-06 02:00:00,11.52210796719928,5.631213254568549,6.328483343921412,0.5227688182536989,0.2128981951667872,0.2582063203480006,317.4281194529403,6.956968471528995,193.6868195905185,3.0413137633627665,0.4583722326071677,3.1251561484929478,0.5,0.4686618078340863,0.3758229257189846
2024-02-02 15:00:00,6.882575094855147,8.72929375481797,6.289987377394474,0.5187316954524451,0.7169085344238658,0.1829966550479339,327.77685027750306,7.779962375191266,197.68137128061784,3.355147376692514,0.5563711843953899,3.249729457436717,0.5,0.6089771124545055,0.432284830594393
2024-02-09 14:00:00,11.614900533663942,13.998501426560056,5.828403188504674,0.1422677973730962,0.5073853421684497,0.256205641560876,360.7012158693015,7.916355419659854,158.11350393735478,3.606872262316866,0.3171721447111476,5.177855718891765,6.212844429210901,0.3839766073450735,0.3397876579999205
2024-01-24 07:00:00,14.88322365395016,7.7673994948195935,8.14465540735408,0.0920888499919311,0.4418342017990369,0.6407323634894653,360.5322825194573,8.570804384455322,230.410908575116,4.95889569538508,0.3453919675459875,10.620853593707611,6.243389326883536,0.4153316815793364,0.358794597575486
2024-02-03 18:00:00,8.805706416306267,6.536036049756331,7.039840273787096,0.2256932254799159,0.3049482959122723,0.3858545060383992,352.1161986615812,7.807421318144596,202.8894610174615,3.827349931256121,0.3984776411011873,7.645428577688206,6.6715740825274255,0.4520433018471546,0.3666586340720693
2024-01-09 07:00:00,21.20365144545336,19.51370987629372,6.109592104047781,0.364785714914194,0.5443885056197982,0.4516707396401931,353.43708611179034,8.598566396770622,201.230711551232,6.057455037760292,0.4906492993078905,10.0543648389618,6.1375628292278135,0.5190003257840297,0.4358237798401451
2024-02-11 14:00:00,10.23479044672112,4.5837170670982506,5.875609554595667,0.0977841903309031,0.3277688848989383,0.2627559800026376,309.1171937267593,8.151968686524473,170.89395416727257,2.048579212355208,0.2805052831578489,2.499657081495016,0.5,0.3387319328929417,0.2537534069790275
2024-01-20 12:00:00,8.816806767760307,5.939899562799089,7.498935301882001,0.5684600360274459,0.6260963608123219,0.3260543056518766,354.49525878944894,7.157521330973177,216.34631446968297,2.2230032955070875,0.632554339438515,1.510914386843794,6.271263816230011,0.6307919557398046,0.5058447090386596
2024-02-04 08:00:00,9.8559957804868,8.061651486048937,10.260272439155184,0.3451253167016549,0.2206007227115268,0.1175899850457612,350.3779062220157,8.112754203335927,172.4159583653434,6.109453087923717,0.2961498949654413,7.17065160694123,5.436979208603443,0.3886373594754117,0.2961998103572772
2024-02-08 23:00:00,10.775454186417528,10.775311682500591,4.82948607505263,0.2887691053932357,0.5611912067401831,0.663178594961586,351.680175779147,7.786504377574794,228.0419943098109,3.863883960299544,0.5238172342489743,8.112482466005842,4.724747975460187,0.5653100405221052,0.4767959827178692
2024-01-28 20:00:00,11.867768452861998,10.90568895949472,5.02208160825134,0.1990121408466258,0.2313195943517211,0.2682801241796423,334.8485665145672,8.045046350010331,174.82059724308803,4.045688219124956,0.2211920079909013,5.243360020303212,3.9047108094776575,0.3349442751874129,0.2534657577635699
2024-02-03 06:00:00,9.385436470999538,6.842932146513718,9.306518143075104,0.3207126007519249,0.3067303937163508,0.3994285157209735,324.7222474751417,7.066756609830255,202.799418428975,4.465508678297222,0.4242926556577343,5.578076665606918,0.5,0.4524236285369776,0.3816109424017396
2024-01-29 17:00:00,10.074630192391824,7.772344411953349,6.554677844801387,0.4263494919251283,0.4836532570013505,0.4793782791830616,307.6795875398256,7.907352896208934,212.859342685682,3.0702512877088584,0.5111968663999278,0.5,0.6464448043948079,0.5416836643995875,0.4274060536391038
2024-01-05 13:00:00,12.890011078372568,7.81063012130157,6.936546362470822,0.3580245965929804,0.3200715930642206,0.4518922371610577,376.5433361964156,8.523409853524065,209.1031908422029,4.947206077861775,0.368633219881205,11.772812611984332,8.968905645460532,0.4361265650693299,0.3644081503999792
2024-01-13 18:00:00,9.21532529526434,10.139441010451614,5.993753404183412,0.1239445864013165,0.2159739411210925,0.4425505091256753,351.7122179502642,7.551122691397489,190.96556064327328,4.001511605523494,0.2878768060307082,11.376602200426094,9.807040039628031,0.362020186059775,0.2607807148983936
2024-01-22 10:00:00,11.755960323250935,5.949295958010964,8.724583712306682,0.5093869353065323,0.2721044890894057,0.2846213963757951,328.96695432524945,7.211515347494258,186.49641590162253,5.365309948640672,0.4637842419435624,4.64323488985314,3.5174059128107,0.5064861155950557,0.3910883907015541
2024-02-03 08:00:00,12.243940897547654,14.86070418419834,7.90170160528885,0.5295173715290777,0.4954931590129032,0.1809998385530886,331.6991609726717,8.170487758531104,177.7178037108024,6.704406731604835,0.4869210132013338,7.615616645174344,4.980051768306563,0.5179465776860693,0.4298153662663437
2024-02-07 13:00:00,8.699182423625441,7.5665437178580355,7.51635254729163,0.1008161930803667,0.1709083301270134,0.1776399767948357,353.676728542194,8.151417194423956,141.66996221793937,2.617587338132785,0.1471239296499133,7.828711612734771,4.248985373225573,0.2728216849778587,0.2049604291762433
2024-01-04 04:00:00,10.582645143197391,6.328636728231707,6.50004266009285,0.6243473702520097,0.4235561501743808,0.6520281978903141,350.3984090239409,7.047461462917234,230.6850993313591,4.728729529711748,0.6284819284457767,11.387207151929807,6.671914887606026,0.654990639637026,0.5135032964262449
2024-01-01 02:00:00,9.999133029870144,10.293849007152495,7.287361047342493,0.3834090088912437,0.4196351811105619,0.4099383122045827,334.8775365279566,7.693761524566624,209.22138560190305,3.412835243846878,0.4376911932491985,8.413575198211813,2.758389627043769,0.5071676270671577,0.388034476092073
2024-01-22 22:00:00,7.004624732463607,5.725948689470706,7.63118632650869,0.1687160597122592,0.2310589070311092,0.2625528481073645,343.31145955475984,7.000336372645716,175.46846595964394,4.624493949793848,0.3210346992609244,8.361796341509834,7.857792847076102,0.3874254997541184,0.3037649517572582
2024-02-11 01:00:00,5.670435358110232,7.393239852411074,7.013946782829484,0.1895933206086004,0.5683780329874285,0.6932166821899253,318.4075490176698,8.021238575839236,240.5688688530709,2.614271788270709,0.4856732806874597,0.5,0.5,0.4852099122926289,0.4399136409782612
2024-02-07 08:00:00,14.06138356746462,21.035725597387277,10.5576873372865,0.5739544167134126,0.3157312695685487,0.5385064006155991,346.151862202434,7.827868956010678,206.3152862642133,4.7467372670780525,0.5803418404998987,9.933693465936738,6.395221751467531,0.6177842747550131,0.5036065569516814
2024-01-14 11:00:00,9.923010829909268,9.268106483255249,6.690443767389644,0.3682371703135408,0.2923234091887209,0.4693597584400968,352.48166169778546,7.505508192095614,213.7545513923006,3.153610181364474,0.4195659221680828,7.873751052256315,1.3945740488828229,0.4783702913800889,0.3972053870944913
2024-02-10 18:00:00,5.010889814272852,8.153433360969462,6.49739207698495,0.3458648396796052,0.3929967463919672,0.3070923133555999,365.2378137830943,7.344277263992138,198.6640571155664,2.48599506226222,0.4616132132302044,7.063510204783812,0.841631698108265,0.5077237138113477,0.406050266629731
2024-01-13 14:00:00,10.219756055801096,6.769554560364644,5.59683331190138,0.6717065116833519,0.5697477261301026,0.3216065682759909,335.3525983680572,7.825484158480689,216.42518756627285,4.319620821396112,0.6278535342998142,7.41990809399103,1.7077293701175729,0.6350059807818139,0.4982895879219424
2024-01-30 10:00:00,11.706490840605095,8.998037762839166,4.902362397839319,0.5817817857932659,0.2463105333561258,0.3220740625915095,333.01991869941213,7.706784262193425,217.4935889951472,5.316982775553281,0.494436164857066,3.7452996480397216,2.6645340951202616,0.5038659948959532,0.4330802211117528
2024-01-22 02:00:00,5.258737271072158,9.617521073319317,8.019676929666124,0.282041828617729,0.4662650008459516,0.7533979575818136,351.9557440527,7.712002197835429,243.7163115477774,4.335533897618404,0.4790615530544787,6.557074374747296,6.9856506922009824,0.4908624085016454,0.4789494905706131
2024-01-10 12:00:00,17.069317152800544,4.154564421003123,9.152912125020306,0.2277049399821825,0.6428974694923122,0.3686210502219893,333.99456823986253,7.549347448590613,196.88215273750927,4.416560883139908,0.4131857204588796,2.333665461823751,4.368121658281081,0.4558575660371125,0.3652152735372276
2024-02-06 01:00:00,7.361761623502534,10.420388662910067,7.1616247358141205,0.1285064026910689,0.100969027199442,0.4490580677742077,311.98780225266,6.782493120059486,197.11219878306008,3.276342632289297,0.28875824797243,5.525654695492239,2.07265975422803,0.3098283595492914,0.2601273484206314
2024-02-03 05:00:00,7.2602506690845505,7.170555544918841,6.848542187200267,0.1955745831098803,0.2424804338404718,0.2491711593955381,322.52396628707726,6.890106179683108,173.75818118099636,2.8032173049769598,0.2644447059496349,2.9460342051026114,1.985893091552379,0.3156655473505219,0.265199788030907
2024-02-02 09:00:00,11.692354642891871,11.525547657132574,12.839632071049364,0.2313214753254565,0.400410098683228,0.4737160934593743,300.9398970127288,7.598214425364005,212.8750353473409,6.048457917696474,0.3688289911404557,2.877779851536592,0.8493902288228601,0.397896789084907,0.2949373367555273
2024-02-09 05:00:00,8.7140044451909,5.724894509944836,5.825541703950165,0.3908695818005691,0.7547777131355505,0.2958303080674734,362.62482101970215,7.147690217430252,181.44891761670047,2.023675952617218,0.5335143244316097,4.461377017753508,4.239803631412192,0.5925690036008073,0.487597029821706
2024-02-10 03:00:00,5.903197984121707,6.620795530818237,5.437813815680234,0.5687196204486513,0.2849882325105359,0.2918797937910127,335.7939776881759,7.76605769835723,195.9279562774904,3.4695764736768364,0.4641431773070115,2.3933057505843918,2.7719351786595774,0.4873120156597124,0.3968808188556317
2024-01-31 20:00:00,9.784123280281918,2.8774345178021594,7.637504616814453,0.0832388622901108,0.7011682041041603,0.1764027487231321,313.3962073224468,7.786165842754624,172.80052852020964,3.5809387381434536,0.3383434983106109,2.014099775582377,0.5,0.3959984818647831,0.3073856708162534
2024-01-19 00:00:00,6.254602510035741,9.540935244476898,6.296288861977727,0.4186216802102874,0.4398175798066958,0.7512257235400392,333.97383016681346,7.208511870404892,238.97442273600836,2.6775241113232613,0.531942984738559,3.895148622450202,2.513223911866746,0.5358226453202285,0.4374467335440196
2024-01-04 05:00:00,8.355536500469613,5.234004868737305,7.761785548386409,0.3072682777676397,0.664001816334269,0.2297826718521985,347.9918486610308,7.763994934277561,193.20130870516817,4.244461952161048,0.4021734438418843,8.351699115697711,6.681242926483445,0.4951762332409325,0.3281251980957809
2024-01-09 21:00:00,6.510110017209935,14.05555181367208,5.768757853519873,0.098079173006504,0.3612249569989797,0.5397466624587597,322.0682104980658,7.341211398063212,223.51491012763688,3.569799382268917,0.3720373969043444,0.9304649603263888,0.5,0.4114163705956579,0.3502034019465915
2024-01-25 11:00:00,6.599990651237634,8.921177691237519,8.633083652059897,0.212633131775377,0.4543097052916002,0.5394841899653771,306.71732997201053,7.322140972938531,223.98314650465971,2.861243100328079,0.4223346960666996,0.5,0.5,0.4519732009453169,0.3853521778729168
2024-02-07 04:00:00,7.159536974257864,5.929182154237118,8.020835661041634,0.62905460697059,0.3632011229495002,0.3094502001283817,339.6037931797317,7.951195242233719,180.66748002274105,2.785266290952183,0.5549059386924763,2.2336238314619417,1.4373331899827504,0.5617659377513671,0.4475348481842024
2024-01-15 23:00:00,10.475805968801891,3.643103520734293,8.14189200822634,0.3931051798507941,0.2798251056569795,0.6141467626295836,310.08482187706903,8.350099581810074,229.75556367228825,5.234331327195092,0.461737201429525,4.544020968754481,0.5,0.4777786167220013,0.4010198651470857
2024-01-26 13:00:00,12.431370321387345,5.7509414840634845,8.04832637477504,0.3461261387685082,0.6549482288915415,0.4503111466117167,317.04784179315976,8.324067034967854,214.10322018646485,4.074075492404165,0.5217338162879364,3.5809577331713576,0.7850884648733308,0.5337439769038989,0.4388672364382617
2024-01-21 02:00:00,8.062632890682922,10.694637905883123,6.99352512170659,0.1375528429716823,0.273435306787496,0.2786918247179311,310.9879138003865,7.373404423011599,168.1793986841893,3.168275912095541,0.218761791663116,0.8923398379371266,0.5,0.2809767587453128,0.2327538501956892
2024-01-19 13:00:00,5.743727928623605,4.57967686867865,7.070181785222049,0.0364432906482632,0.4453155245799132,0.5202107171517627,337.7966609561281,7.366566151013818,214.76319282480827,1.7107642143991484,0.3192530565179586,3.912854030569658,1.6208401956996257,0.364627279255966,0.3218125318345375
2024-01-13 04:00:00,8.45037273816701,10.116512708958776,6.72377851525669,0.2994066301858932,0.4490342316212026,0.5545164272942351,328.848397474988,7.688797670973134,223.89133778021275,4.244464292266717,0.4430562749779708,2.914895872929264,2.703003853938624,0.4747680028864058,0.4066527744818237
2024-01-13 02:00:00,9.297289364310632,8.990600385421212,10.19446000652442,0.4560415181894813,0.2134234267533988,0.291132388405914,328.5056986421846,7.699536137159439,193.44560724007135,5.847468921399686,0.3876582235656799,3.568704606369921,3.16055844941924,0.428746698386245,0.3459072568802231
2024-02-09 11:00:00,13.012924000288278,9.108288669939828,4.33305838718602,0.1363690269621722,0.6704207647683159,0.3237804050864069,367.5766671024477,7.057169757405153,175.17118309039694,3.6219844925507534,0.4098412438372453,9.251216439421196,5.561391243039608,0.5150984281168252,0.3772157644462443
2024-01-03 19:00:00,7.794596108565982,7.397626194341954,8.64752713207614,0.4364081954689605,0.2950315759598323,0.2957552914213386,359.7799875976892,7.659531273971882,186.82340743979915,4.514510052965081,0.4021645172472217,9.757825627837487,5.9543558318313226,0.4479367394360398,0.3760102116596951
2024-02-09 10:00:00,4.206105035391571,4.024568870399717,5.312429030608942,0.2242735453935364,0.2933932116078842,0.6066522375393816,368.1387597163693,6.806814545440236,211.8481147378624,1.0,0.3815531508445829,5.752668295955664,3.6413221276598993,0.4370811234116119,0.3442285828172786
2024-02-09 23:00:00,7.502451461100108,10.268439500261064,8.048412687041312,0.2563073976662456,0.2879328894926321,0.351199591815055,339.9381662474046,7.237702748468609,199.9371755606131,1.9906273390471971,0.3339472720500134,5.796952547597417,1.8296842332487808,0.3962864460043317,0.3224078870572253
2024-01-23 08:00:00,11.612427622819476,9.204056325384473,5.75624662166225,0.5031006400016326,0.5167741330903793,0.4244840806846662,361.5874327518001,7.922607632564905,214.3438569488515,4.941349415326022,0.4865646104305517,7.150437492115479,8.42950416650549,0.5477646337580235,0.4358972044486225
2024-01-06 21:00:00,12.315441791280469,5.965522592382138,5.001262381761051,0.1190241124812424,0.2729578247116173,0.4921922561770042,309.6740288487411,7.689800565766728,201.94534793179028,3.5012669390571123,0.2799232520478473,0.5249921535219022,0.5,0.3361552653419244,0.2850847237189506
2024-02-11 11:00:00,8.771329033896837,8.855748341335959,7.817292841023041,0.5299588579083521,0.4165772059398668,0.6023555021242041,304.7889376692011,8.167869489921504,236.28701848491707,4.815248266908728,0.5650774656001553,3.075975707359627,0.5,0.5797681220423213,0.4702530416652397
2024-02-05 05:00:00,11.130517910205826,7.1329274988323625,6.689020060393398,0.2466830499486123,0.4407419944530211,0.3776466150411824,331.37154021446423,7.664637315963257,180.90753605130263,4.1619669928277405,0.4158774158265206,3.412784312752416,4.278838809141691,0.494164969813511,0.365053936565809
2024-01-22 15:00:00,11.768556575729892,7.526619891377849,8.316822128185601,0.516581992566615,0.4619978310152041,0.3399759803251629,335.07938251825374,7.369935377433253,212.7929837886849,3.823741998856571,0.5149290798134327,7.321228408894109,2.8404876271012816,0.5565273329984414,0.4303192459884558
2024-01-13 11:00:00,7.294126674722291,9.955108934474648,3.7974409662474384,0.5493326273597684,0.3583413910430494,0.6090599915179582,328.3343297043264,7.32449067034209,253.42005018387397,4.637768688069364,0.4904293818721824,3.998033560598792,4.07901622459039,0.5359224261954765,0.417896613287316
2024-01-07 04:00:00,10.04206110532578,7.715596600877419,8.374592877368677,0.1243498331775225,0.5114314262052765,0.4769250790051715,316.0603626170196,7.736797856253497,223.8612675208823,4.761108486861261,0.369536370248466,2.692390105724318,0.5,0.429883279682213,0.3999115621509279
2024-01-29 20:00:00,9.488718027286309,8.260315340999515,6.824968364468255,0.2282742156234132,0.4896846443433303,0.242738724052919,306.8164913506414,8.379378579382506,181.7747049739017,3.1069953399058106,0.3518946012446559,0.5,2.0030683753849017,0.41323736395066,0.3200614228183678
2024-01-20 09:00:00,7.491471140383098,6.068502307057463,6.588922152758475,0.5134017820858516,0.4607706875764735,0.3253762484595334,370.468317931076,7.036948879125439,202.1590135565748,1.7124927334416653,0.5006015806959533,5.81304953759015,6.219516374796798,0.5687071011317083,0.4192246802522246
2024-01-23 20:00:00,9.867718156711156,5.847239283832969,6.642460349328352,0.4915961078696725,0.3630768663758554,0.6196193453015587,374.7286514272032,7.813079578405801,221.4027366800737,3.85524889787219,0.5534162989355531,9.577445694854315,4.0040907562943024,0.5846429477144678,0.4860423171637457
2024-01-15 19:00:00,9.007728717527089,10.248084130150025,7.16005619577296,0.1122956960975576,0.4980168966330681,0.6677425166369976,308.3227830534995,7.854055257384484,219.44282095720723,3.516358844949547,0.439297954090168,4.002222995905377,0.5,0.4631349664820315,0.3681686491093364
2024-01-05 11:00:00,7.221419817696977,8.272253742442844,9.048995019438385,0.2325509402432386,0.4813320755184504,0.3348335944263731,369.6607247744572,7.895037601020801,205.7311269886074,4.487277605915086,0.4565282150488891,11.1875103883802,8.275247060353523,0.5173866798893227,0.4101240175525531
2024-02-06 20:00:00,9.92588550047302,11.151217969580992,5.833737666510618,0.1510642698273483,0.5076649233522442,0.5803360090895904,346.9462221636857,7.593681576069774,230.92331465165148,4.301735909701542,0.4068946237588848,8.343575464251929,5.275757623341313,0.4196423011712644,0.3994256188403132
2024-01-27 12:00:00,6.061344241306429,8.617216117977076,9.502708848815097,0.2727114485013168,0.5091110765747594,0.8818044152260364,300.0,7.715693750619115,232.4601685038588,2.4378042163721467,0.540248994997984,0.5049070371672667,0.5,0.5117811253953565,0.4419099359824858
2024-01-09 06:00:00,8.38790196581185,11.855434075771235,7.935872270124803,0.5313652430893968,0.8200618027144855,0.2347833947248759,352.2147227238719,8.036235935287941,180.53461164556435,4.811520610516693,0.5903173317098126,10.958611315021267,5.678849191132876,0.6633204145444987,0.4656302401565337
2024-02-07 14:00:00,10.100718321629444,8.77549438334919,7.75353933464386,0.3182612838155493,0.451853544567925,0.1832295442981548,358.7649174469161,7.666231424145839,160.3791779340374,4.298303471349266,0.3645507430742834,9.70752520679392,5.153536397970443,0.4327479909087576,0.3435809400228342
2024-01-16 01:00:00,9.722904408355896,8.064216996365772,6.126242266546741,0.2850522039855712,0.3560017620192499,0.654628779839004,309.7987285173403,7.789042852071019,218.95359735847464,2.198902490077496,0.4531169950447677,0.6673298732132269,0.5,0.4337192352853604,0.3553987162031722
2024-01-31 01:00:00,9.748706301859654,11.454818380844614,12.966559693221608,0.4745448616052843,0.5782775772636155,0.6842956183401362,336.37538917719513,8.18051917902961,221.2430114828568,3.934642876043047,0.5991201495587631,7.847224209328353,5.079414800975137,0.6028509381444591,0.4814211036421716
2024-01-27 19:00:00,9.035713748154883,4.452113421615896,7.452043361687338,0.3211720196451965,0.6648194145361475,0.5300510652988093,309.3298525837799,7.188730329541193,217.54103903494564,2.477904888781636,0.4577540757163074,0.5,0.5174975342066991,0.4757318773636938,0.4154948543457368
2024-01-31 14:00:00,8.235833749944913,5.119165164217053,5.635753884331846,0.1392800164994787,0.6352666399746678,0.5906768252395739,326.6414156563929,7.008236754028363,216.54318389896773,2.11518465680621,0.3872971178361493,2.200257958894932,2.2506582153623818,0.4277835904648638,0.4053684284311415
2024-02-05 09:00:00,12.26260481678468,5.006866398502069,7.396303451081994,0.4286315587730901,0.3921032064801311,0.4212072127054298,329.8295198156134,7.972347577684149,197.89810342724957,3.80472093219386,0.4430288626212519,5.832192543704968,0.7832776783498375,0.5435266954391802,0.3703989921582059
2024-01-18 22:00:00,8.48980902192919,7.21266727919055,6.597190754812505,0.2360354325836762,0.3654328404610906,0.2068891875640368,341.60477004851293,7.175464949857202,179.26252890400312,3.3027336143582424,0.2470840463793191,4.355010249356239,4.7087520282512205,0.3401887825262216,0.3197485138787583
2024-02-06 15:00:00,9.50908763420947,5.945178113583864,6.92886991756555,0.5978222752606405,0.7095325754937247,0.5190922763465243,339.7729756535717,7.443676879913089,240.6602122714106,3.789624140944894,0.7026147956612868,7.064063913082105,3.194894175449996,0.7111838997490192,0.589243148031667
2024-01-19 04:00:00,8.607463457439916,6.676753396341657,8.81303847702499,0.3952823304598098,0.3916856749162177,0.666838706832945,322.22702392065054,7.435482825895415,228.46146409229576,1.721297519838248,0.4790910339322945,1.1527703541687178,0.5,0.470213788697255,0.381826494656629
2024-01-27 07:00:00,15.160871865163775,4.6228660387019165,4.890542981616225,0.2474915791734263,0.2919896749866791,0.5705405544234972,300.0,7.224159507934291,209.86050149815725,3.6739377880830033,0.3626330326919614,3.396128700344055,0.5,0.4152520823890646,0.3728723422167912
2024-02-03 10:00:00,20.639215195459894,10.629229817726785,8.402361579758493,0.4456357199035631,0.5626060020304374,0.5138985069945655,338.7950216476653,7.78632035695261,204.757859527623,5.450971879328963,0.5320933121324901,5.565380061222642,4.367759726535101,0.5999985825171958,0.438544063980958
2024-02-04 20:00:00,7.810431773540222,5.412425973081753,7.328226486009429,0.2265586802333699,0.2483587242883821,0.2162652357656738,340.48116716303224,7.397113557175719,166.89762043857726,3.311008084978355,0.2287083157154165,7.568094549422173,5.847460162313215,0.3294020305963685,0.2544997467870455
2024-01-11 20:00:00,7.394808779232759,8.97434332806372,6.49011412979882,0.3884391975388269,0.1048101516628893,0.4514417619339028,339.26159665331784,7.616123654591774,213.3654642994767,3.23659079759142,0.3716375526344923,6.914568087012899,3.153540970733409,0.429838393489003,0.3331076923213726
2024-01-05 00:00:00,12.744409624884003,8.923662811823595,7.142651205085273,0.3994856731094648,0.2539303826541017,0.5573669881803512,368.20529396216097,7.637952109972423,224.2658313803887,3.510080301212821,0.3949991093820699,10.364485800455084,5.783065210086708,0.4602396998319684,0.3883539155257375
2024-01-14 15:00:00,9.45221030128254,10.94772546165701,5.958159688228138,0.3591589960276703,0.4734424238203342,0.6611698171866812,333.8748350866797,7.8593363072091025,232.32230259935875,3.8917353142047055,0.5193362042054215,5.383947220990561,3.245760255987478,0.5588653180445285,0.4642826104483064
2024-01-27 05:00:00,10.66300946884593,12.673930443105576,6.570041001001647,0.3893041042890502,0.4592290152954325,0.5109256996005183,303.2328672706232,7.187495985914911,213.08012614297851,3.8686082599872695,0.4770125947741168,1.5596429858400584,1.1847433239586365,0.471445344826183,0.4293698964411788
2024-01-07 21:00:00,7.343224972305023,6.621625144235472,6.831017126172543,0.6769781473722982,0.3408288449870165,0.1390388966720355,368.8390359200986,7.50328514569448,177.6600276703029,4.24325795298175,0.5471922076859209,7.720335693901472,2.383569066109533,0.6073666993619644,0.4340142154761721
2024-01-06 00:00:00,5.858012384908103,6.948345103179942,5.619084560175951,0.2052347835356985,0.7064431338269449,0.2827777780039782,364.4122375015877,7.640230181607352,184.9680320306491,2.491659035316905,0.4191992188118934,6.775486971427001,3.2745187438278265,0.5030983215096989,0.4332238273875521
2024-01-05 05:00:00,14.896420186337012,9.957874683087082,11.46611658887927,0.48135037965608,0.3494951360068923,0.7026302071608044,361.6040499848239,7.518889139155514,237.25558243072928,5.020902086301028,0.5674633923357484,7.642379408153489,8.90728582186367,0.599288215593882,0.483773778498751
2024-01-08 04:00:00,10.226633769253215,12.156815491630962,11.10615586578535,0.4279127916940081,0.4929160751919274,0.1671275020642356,371.197412900415,7.483573406280337,160.99888494991396,3.0251427580721675,0.3985667859544171,5.040133895340022,8.3753768282152,0.4800413732947109,0.3736305000635054
2024-01-11 07:00:00,4.906433418683518,6.184407744955789,9.131593849639463,0.2609411524966553,0.6874293872005102,0.1944698784593689,360.6088698123344,7.808263069672769,183.3041732532727,3.1670171576224795,0.3515926154621244,8.626338954669208,4.31031869286257,0.4105627844544164,0.3210692011220212
2024-02-03 04:00:00,7.1938916262750565,11.272813592983995,7.809194104675668,0.3294365742068155,0.3450131743393397,0.7186954418937749,321.262074711545,7.222764906655069,236.09363024220687,4.342264423786648,0.4483327316215916,0.5,0.5,0.4574653414893466,0.3889840932104195
2024-01-18 03:00:00,11.046130001758272,8.104654619544593,5.954491055624815,0.374544672952194,0.4065803775627385,0.2753228239275008,333.8632901880066,7.559641104594226,183.8929191526092,3.8386679928652487,0.4344970376940533,3.312273401515119,2.593439392352124,0.4800359611182587,0.3730230180606868
2024-01-22 17:00:00,9.906495546945168,11.085471207020795,6.965405890284244,0.7255479382359543,0.5506610636508019,0.4968554599310152,338.3910789516828,6.949951440238266,235.986965370043,4.38942392744944,0.6917569908320664,6.582113697995279,2.051805662492666,0.7068321856177663,0.5548812868306809
2024-01-21 05:00:00,9.62369632829538,10.012788947960544,10.924102556424367,0.3364401329799256,0.4243821088776244,0.3612913235588589,314.03230405060225,7.562305619266612,206.2461392185244,4.880105027012399,0.4077794721035133,4.634840786358243,0.5,0.4500422934082039,0.3579334210383629
2024-01-07 11:00:00,7.670569162631728,6.201102481125333,8.230879602641615,0.2525123310563532,0.8610051016156128,0.5525065003369852,336.4185676967939,7.595631230188578,236.23728692032893,2.8776482045518117,0.5770121265003095,3.145953527547875,1.0147081606482649,0.5769761672939496,0.536698876044901
2024-01-15 16:00:00,12.696553723870874,6.593326239978045,8.217325924888954,0.3393821039281318,0.6285291425094036,0.1806975899166824,314.9032758319436,7.690730301326066,181.0848676411349,4.538642805826477,0.4369039389404627,3.062602835200249,0.5,0.4358999557587261,0.3763452864667368
2024-01-30 20:00:00,13.122717687161431,5.656569809014723,6.3621314435643095,0.1302804428694767,0.308221044594674,0.4711707563859635,319.60798978994245,7.170958745968351,201.64066933391,3.590712763519152,0.2843551459410487,2.445896358261808,0.5,0.3545324961546556,0.2632385800899513
2024-01-23 16:00:00,10.846723162692223,12.180304790152492,5.037355966111849,0.209030928805707,0.2101820266635604,0.3360788189157311,363.2135756557056,7.713559242190996,183.68663593134457,3.937530588187903,0.2934941449380261,7.076574208548935,3.8059072282335102,0.3706466688638098,0.33155356687811
2024-01-28 08:00:00,13.727966251898314,8.930902072631595,9.207528088725017,0.0503897111281203,0.6053461230490367,0.5683766229089402,335.17578602577254,7.880957024805905,229.02830969936295,4.966861874078686,0.3893007027740731,5.85648247146559,2.8334626684835165,0.4214899833308911,0.3503996244615832
2024-01-23 13:00:00,17.070133138949256,9.808904826254487,8.104257547510954,0.1433713715859997,0.2741511233473339,0.0954893850334124,368.4753877605019,8.456111792515374,166.51421536813783,5.349911000390637,0.1621024919074134,10.44712542728149,7.648909701734657,0.2858462403728878,0.2124811985002218
2024-02-07 19:00:00,6.707291756941638,7.405281263915221,5.073373225562962,0.4822103783736728,0.2382772955440642,0.2655292216843333,371.67418066590017,7.588793608121775,182.74045827588597,2.7180793964758,0.4579133157680494,5.677400881671267,5.922514248482815,0.482342473577781,0.4162018301112576
2024-02-04 11:00:00,5.63351304467599,11.424566909347089,4.97836715555994,0.3136142994175046,0.2479841619138822,0.2839537026372652,343.24092894712453,8.158628729371845,173.33043473119974,3.171232317999185,0.279695652781626,8.216133698188075,7.144867344123512,0.3856030854046693,0.2650610766140172
2024-01-11 16:00:00,10.905621804659251,5.747785404438593,4.586933750046793,0.3909426460907558,0.8270873483391393,0.4753081050860959,335.485605951294,6.999168174985996,216.25503390844068,3.1503313021986945,0.6139898678011495,7.566782418267084,2.343290006212193,0.6019373116307898,0.5264865955856591
2024-01-20 23:00:00,17.087502062713487,7.001778987047034,6.152760634447737,0.2299290017259473,0.0531487244409253,0.3895419026389757,310.069225532698,8.009652951634946,169.27970727144535,4.406543068070367,0.2993944660978004,2.48559466164187,3.9102141292206607,0.3352561133701829,0.2586602781087463
2024-01-03 15:00:00,12.950005243464505,10.971530256434146,6.9359293790791,0.3597012547631885,0.720913774058111,0.4321269050219209,362.6771243924188,7.649690397962683,215.731497855278,6.3220909380393655,0.5339606886291103,12.664966318964892,7.212595108212538,0.5937923192085522,0.4764307410614859
2024-01-29 15:00:00,8.613837124226485,7.224994041615649,8.181732946593872,0.1762487320488357,0.4726593774880666,0.212650415008901,309.1922833037797,7.827765723387698,174.9579481114377,2.446219280584411,0.3274982818410442,0.5,0.5,0.3585649001952394,0.3019092453711643
2024-01-14 19:00:00,6.26740100259104,6.270097885598076,5.987399578543283,0.3906747480509396,0.6230701245525229,0.1759267204185168,346.0999938528851,7.240438284491165,173.92455813278198,4.552760864552655,0.4044915486990467,7.656397628357155,2.447026459744223,0.4642544535141768,0.3822427262144547
2024-01-03 06:00:00,11.661811152994945,6.177310893437104,10.563290969998969,0.553873935245165,0.3651547745881652,0.5036924092532458,368.0776489285299,7.679321870331341,218.96701356704588,4.29347281255285,0.5417101198517801,12.70406139553019,9.005451342612893,0.5994595043056574,0.4578043191399185
2024-01-26 01:00:00,11.607587073218106,4.502217174615906,7.923441851317198,0.4054760445069417,0.2211257707834938,0.3619625743527419,317.2261726442994,7.593449249302168,197.1242255472938,2.8865253580037966,0.4372212296751379,2.456092131789471,0.5,0.4338066074809038,0.3912601526766816
2024-01-26 21:00:00,6.453685434747804,8.536320767637049,5.557739356352723,0.3638447484321501,0.6463916422781945,0.5115349616432021,305.842147077871,7.429411832470725,218.7985402064969,3.285673015058668,0.5536344394292249,1.6926781624408531,0.5,0.5661518073577371,0.4663199865627277
2024-01-02 05:00:00,13.18868808888898,8.754497024769602,5.799878232937886,0.4646446221785008,0.3482954923397546,0.4170681381873788,352.36427151111474,7.352800409559621,205.42063749086924,6.157657323587814,0.4411076322168553,7.902960520373853,4.134440186784989,0.4980174291445691,0.3875275313513504
2024-01-23 02:00:00,7.434647170855291,3.839460540989049,9.416463746623554,0.1582418311493489,0.6173511522280857,0.1590050544367681,342.19388736453755,7.226959819744678,168.21182457692262,3.80201798861152,0.3345447952082179,9.43841549604984,1.8620056185255491,0.3702491328800213,0.2949172708312904
2024-02-11 02:00:00,7.926662991089735,3.678402993640809,6.351832401630452,0.3765648544551465,0.495359226308855,0.5765152593708093,312.98891443967347,8.07503764460207,239.08390082781196,2.269747467051992,0.4492277978251308,2.423013112596491,0.9866190214834653,0.4500025821591102,0.3826431279831616
2024-01-01 09:00:00,13.87162690498598,4.362223225940815,6.122455263306515,0.6535869399504189,0.4528918601567046,0.7199900835645551,331.0230595895636,8.567106664205676,250.00675141372997,4.8949563526443125,0.6901897483778499,1.9399998128779865,4.414517359954534,0.6940773932337729,0.585430918829518
2024-01-15 08:00:00,12.883608502766936,8.835191007694762,8.600799364146562,0.3083361918073854,0.2768716841235989,0.6374972511724148,345.2462855346944,7.622979320678084,231.8456852650181,4.331038527089393,0.4176491149757464,8.760285699684568,4.223171646688547,0.457732935268841,0.3576612118835113
2024-01-31 11:00:00,6.187869832738459,8.662804453900398,5.601010771067685,0.3322505389718049,0.8124006682529514,0.492575536122641,329.11966517045903,7.1872608586748985,225.4996781264449,3.1342730690859515,0.5828077408472228,3.5295626610127053,0.5,0.5862522763006119,0.4871096600823812
2024-01-28 01:00:00,21.086771949498985,8.104395070306174,8.76754951697114,0.3192613740303949,0.553567786110367,0.4168328880597648,327.75672368565694,8.066248589348367,205.8685775885714,2.924515551611777,0.4260783607063029,3.128343215025518,0.5,0.460130504946497,0.3775663960119015
2024-01-01 07:00:00,7.818209133809493,5.299383580276013,7.679717194266289,0.2121660239193176,0.3046764511317797,0.4712940145575457,331.8029153652333,7.991463601831041,214.30294616195923,3.70380502354484,0.3418953236678942,4.330387532323853,0.9702599391279644,0.3967017876041717,0.324419978031312
2024-01-02 01:00:00,16.63609278092856,8.226299874458478,7.045776347965574,0.3524403692208788,0.2392105217131326,0.4880444728937292,356.6856230324264,6.952153085658647,218.5545305403111,6.4221003214740175,0.4367677999194774,10.202963717346435,7.757820074966136,0.5009871341401799,0.3513836193316572
2024-01-23 14:00:00,9.93887932480788,6.5510734583890615,5.764402385896711,0.4943592331716078,0.1620143332448378,0.2462961125319057,364.6665455452819,7.775637104911253,194.8021550212112,4.266359212269942,0.3947590620504163,8.734859546179795,6.040077967503051,0.4563831155719516,0.331709157302402
2024-01-03 07:00:00,11.934114496291006,8.28061375923722,8.316597098530316,0.0934862089013779,0.4260707138850679,0.4034181896987421,368.512153241507,7.786577453103755,206.90815363445964,5.092337853869967,0.2964055770237097,12.17199461066921,4.74953734532331,0.3375314992873605,0.3029280541758001
2024-02-06 03:00:00,12.259967280079517,9.173938804396531,10.32805607808512,0.1786612699688205,0.5339280019066206,0.2423403063303347,324.2513595984964,7.53968605143059,181.2946244100304,3.538594966688469,0.3408305242964736,1.852953698756016,0.5,0.4109841766680505,0.3107054008009702
2024-02-05 19:00:00,11.533555497549768,12.828867881923774,8.328645683599962,0.3394138879530513,0.6152778615719259,0.2979502379387923,314.639417122834,6.91320340943625,182.6327110651392,3.965335299000565,0.5074151127117732,1.8403298176030816,0.5,0.5057088805750446,0.4301699014492653
2024-01-26 04:00:00,9.287888320916258,10.243360402241311,8.738069490330059,0.5534797954264976,0.1005368531942992,0.3598209882782905,317.1519318354935,8.093936892103526,203.1878328333643,3.2202081677956444,0.4224769375407073,1.0827826261482312,0.5,0.4443846440911826,0.3702734816979363
2024-02-09 02:00:00,6.95759079796812,8.264487911573418,12.387238005668523,0.3119171420683542,0.3159996311037139,0.281493385812742,357.51859500262634,7.529609249145727,175.72911226417636,2.528510645504511,0.3836667971225849,7.574750536446559,4.851871963269544,0.4472449967323359,0.3470384140325402
2024-01-13 21:00:00,7.22773594936398,5.116228056906716,8.039837181644156,0.1308732057069404,0.4810040023051087,0.4702182187816071,363.08983117638377,7.553202412477575,214.52650137528263,3.91803445840042,0.4051124571380157,7.447145701560756,8.142358008299045,0.4998698973733895,0.398462819277586
2024-01-14 16:00:00,11.01188065955584,10.032974335600532,7.767652014567994,0.3133686372265865,0.3770736757976707,0.3836680097877203,334.9728357370579,7.423636690548284,195.0558140755687,4.942222432740393,0.4011892474042755,7.753254823843494,4.05419477733783,0.4531000400235612,0.3713896670810973
2024-01-04 07:00:00,8.86827320103968,10.08073352415934,8.305533498315361,0.412615895996755,0.7279787946303417,0.3449108711262868,346.6389399389611,7.364220446203978,207.3402159866576,4.564435154035291,0.5296373344479964,7.731298644715884,5.491678784800682,0.5837665784705626,0.4372348678674664
2024-01-09 19:00:00,10.225144500465364,8.49860235944407,8.037544232399403,0.4381172344621947,0.3149192474692435,0.6004150354736448,325.43152180599964,7.5679141587301855,242.44136739195383,3.970753001826149,0.4892043295305646,2.8131117952646143,3.2266020774911865,0.5351497843677431,0.4228228090187958
2024-01-28 16:00:00,6.8869196713674965,5.437952975150941,8.653337489292504,0.1515405423035854,0.5694363416676174,0.4819931073884661,345.9994536556073,7.867516814251327,204.12881383771264,2.2463752624056976,0.4102467253403666,2.5801464137924195,1.897139204636488,0.446625080248258,0.4113603941668688
2024-01-18 14:00:00,7.020592703486089,7.450038803133554,5.959580038381619,0.4086869284240836,0.4899066817766689,0.4567677909172702,329.50980166636896,7.649304931631627,214.49597149285145,1.9272304083996363,0.432488019423336,3.610117956060624,0.5,0.4879439460671966,0.3888995750235017
2024-01-10 15:00:00,14.074094293658636,6.738363639372202,8.701412245565242,0.3733774347323023,0.3217221347927161,0.6672114756706627,343.8283343454985,7.8548045008636125,230.85101322739385,3.7395038419863953,0.480334675546362,8.108715765501088,3.623324421364372,0.4704627374248953,0.409780351876199
2024-02-08 06:00:00,11.155095180499565,8.997491771679115,7.360804518918425,0.2649741534491113,0.4076703000991541,0.1357361308326071,324.0603038225048,7.235266265028969,177.77907737152017,4.739279860141665,0.3303999428816764,5.233672812684565,3.005101212590862,0.405603866621231,0.3345559732932936
2024-02-08 13:00:00,6.745177975175753,7.431905222554936,4.091040024450416,0.5577410225690934,0.9474209830494796,0.5458734815554597,317.68144793262746,7.375505771467519,236.19542079430693,3.257865811126118,0.656346842013919,6.171538066211956,2.8017027486137005,0.6689539782879746,0.5201516951271211
2024-01-31 08:00:00,11.840714516231976,10.724852193670538,6.24894356511752,0.2913959508501539,0.7801710529105229,0.4362028793633639,330.7588860934534,7.406480413456227,211.63481921735104,4.883917710098991,0.5283794538021764,4.837941684494385,3.3541820557342907,0.5278333451825875,0.4689579414603094
2024-02-11 07:00:00,9.173355512242598,8.91325014305934,6.341902539688479,0.1122228042307812,0.6465681524173582,0.5789129330734538,300.0,7.430618660110012,214.37016937081,2.5982653479742632,0.4693943155420536,0.7426213330683993,0.5,0.4727717338304853,0.4342558305016794
2024-01-20 21:00:00,8.211437022743258,10.010109447068992,8.540142756635392,0.3515550584951781,0.2168832255172181,0.406751819772794,314.6105634968507,8.047451325351311,177.51676482410423,3.376953527033192,0.3775805272192556,3.021891446432386,2.127849969319344,0.41682314796158,0.3381775791602242
2024-01-09 20:00:00,10.45707961203598,6.259897311558009,7.4684788775489,0.3314507190633712,0.2447998534457888,0.2889268360822069,322.0530546495276,7.470069785729246,199.27509052566808,2.604168926813861,0.3327270601999549,4.486428609316365,0.5,0.3488444833296612,0.2973622653348827
2024-01-16 21:00:00,12.177058808721114,11.529407397170544,8.133609491578198,0.4577537404247786,0.3823395587349329,0.4613493255267305,305.0781704293343,8.816992738271152,208.36395259325985,4.233352822745912,0.4995770462144199,2.0594381605391723,2.731230008507285,0.5475549767811719,0.4235510151291461
2024-01-23 07:00:00,15.442689859841616,10.955519613803558,8.468164338606748,0.2831890809982675,0.4493034111494985,0.1712206463539472,357.21234219719145,7.702001870606431,177.17550618174266,5.819012849625245,0.3826345019624579,7.402088063067071,8.879119820985585,0.456772852675024,0.345765358009229
2024-02-01 23:00:00,7.876041539234363,7.708024508458376,6.78347674599124,0.0502054933033748,0.2549049811438388,0.6061337912887935,304.9025175303916,7.549533624147278,220.1889131354857,2.6770342705698837,0.3043432241988847,0.5,0.5,0.407507739733525,0.2707413596655187
2024-02-10 14:00:00,8.8877944141289,11.740453835421002,6.186614393818672,0.5812854608710746,0.4933072921656368,0.3684214054093048,368.0193056573818,7.39131160415951,199.45434375081177,4.940901678002112,0.5336291275446937,8.644667104852358,6.871515931602729,0.5783678868922874,0.4687559297195633
2024-01-11 09:00:00,6.069873171347289,8.091825739717565,5.403097323362991,0.4783895899942659,0.777690013973904,0.5158345222331231,349.19047847486456,7.895746026618204,222.6606670838024,2.784927427799095,0.6372391754204413,5.526340823548155,7.872492020051018,0.6252462327417132,0.5148468718790865
2024-02-09 12:00:00,3.883693821857128,14.925415624179823,6.651134023389963,0.337173772670573,0.2060795536366173,0.2925455033354329,363.2622577741972,7.403869686965589,166.61521726092948,3.611268588823862,0.356441717462799,7.463708517574386,5.481651808094519,0.4446840501161659,0.3669572323445063
2024-01-01 05:00:00,10.973681175296807,8.43833672355625,7.498019411057666,0.4924204560189434,0.2914696247318706,0.2272696704915479,335.9671083971345,7.789304666082396,185.09755118709128,4.817199449244036,0.4665639487204402,7.602648953562613,1.3922896062327823,0.4997857412128854,0.4241271665626459
2024-01-27 20:00:00,7.845143053456826,9.935542045609258,5.620053563494836,0.1767676025754705,0.7354579613638116,0.4772231501342359,311.9893306071881,7.82109405978338,209.82274158312936,3.7564376917986415,0.4198083209524748,2.339622303461261,2.022928647749,0.4583673699317147,0.3906046914511628
2024-01-25 02:00:00,9.396790943899813,6.748989904374959,6.414083654080788,0.3604987825283693,0.5954402502828643,0.4366303131389666,330.57890020140195,8.70078968210306,214.01026341786283,3.99030008875997,0.4411232072951612,5.452899384821061,3.4113424853008114,0.5067444095427593,0.3912968083550173
2024-01-31 17:00:00,9.685439259730536,7.611698930909808,7.642462776120062,0.2293518214629507,0.5717022282002147,0.4556244407945805,320.3810131523717,7.662409232601716,199.6390101236995,4.067902762921576,0.4374227664019,1.4165268707397645,0.5,0.4629108313686794,0.3851794930631476
2024-02-04 21:00:00,9.131007104489155,5.6833732489378255,8.69440082314769,0.2369330461508892,0.5771358196305721,0.1507878677453683,340.17956097828664,7.660626526506604,168.7694394538999,4.506858325612124,0.394437521495495,5.771287195136381,3.1215629310178343,0.4256606676137781,0.3639617041066125
2024-01-29 07:00:00,10.004226631868748,13.755211972008002,9.977455297583544,0.0508382082263284,0.5270648364537099,0.6288548611461948,322.20583758532376,7.981944150439182,216.3983678122157,4.660972999184619,0.383757571402173,2.4801463020309225,1.146092318521978,0.4160715081275867,0.3968642148395732
2024-01-25 20:00:00,6.303635286172015,12.773366760673694,6.555330916568624,0.5088267526824881,0.3703860060417229,0.2270244533480467,306.0865146216092,6.653215742516659,195.83542620344843,3.7923425488794447,0.4619998991311278,3.8508796233122062,0.5,0.4904214255981196,0.3933857616156
2024-01-16 10:00:00,12.40806066490088,10.062254735129924,8.335364661165357,0.1386973440404272,0.6947275210234862,0.4845081901201443,308.9160383454206,7.730387699280754,210.29594206111145,3.725689721130687,0.4415853214970211,4.308042918315681,1.815948797236284,0.4303495491683539,0.3972864154930313
2024-01-12 02:00:00,9.866154516781796,13.535225550075316,8.44296930763613,0.1707831892463648,0.2797747254483176,0.4868065099644477,352.8497916663233,8.284854331427239,204.12053596919196,4.681706476498262,0.3493951055772072,6.406800124381928,8.608485461936635,0.4043232864042408,0.3136055268277206
2024-01-19 19:00:00,10.919542992511971,9.25970601239345,6.920011428935856,0.2481322179088326,0.7356983189639,0.3003709476801136,347.41650227200705,7.524631806148835,205.12518762581615,3.168627288139026,0.4507377780486955,7.681642547816873,4.301138599582827,0.5168829720227238,0.3993722888781137
2024-01-11 21:00:00,10.285967568644187,15.177679536620133,7.89145248574176,0.32770829600907,0.4373513368670518,0.2914231033236071,342.35391469089205,8.029923463568789,188.26359095077447,4.757958950485715,0.3699558699029542,9.62911326670527,7.043593590875627,0.461985490764157,0.3401838287054101
2024-01-15 21:00:00,9.900786230252487,3.366859666004554,8.679132176486196,0.1324423021023921,0.1887531295195812,0.7019015632103401,307.24960849543714,7.761581246036717,229.33699031098757,3.9314694221789943,0.3243932018440492,0.5821044305478453,2.3479730242725347,0.3218812116525754,0.2992928522154895
2024-01-09 12:00:00,5.831761076830883,5.287764100890567,8.172095100887558,0.1910373624688399,0.7790829142402735,0.5066959470178104,344.1678232683272,7.268954174766221,217.29493994021425,2.3680845327609834,0.5089710240652187,3.318031398490966,4.751450003911021,0.5128067389080792,0.4850731115126506
2024-02-10 13:00:00,6.181796322437006,13.443507018950166,7.098746118886982,0.187918756174633,0.4238753760342357,0.1513885579199649,361.3340229783938,7.584203283853428,166.63490653769833,4.615255838094106,0.2861900594581154,7.805013172206802,7.861055637053093,0.3667761479705453,0.268198801240362
2024-02-01 09:00:00,13.511743835193982,8.528979069068969,7.316328787931316,0.295418942823853,0.7019886525165805,0.3562270863605652,314.1744224896315,7.30926619188879,211.92823448864232,5.695825846392815,0.5138051583165333,4.163810105067419,1.8694257889952908,0.5019471304860638,0.460238879117846
2024-01-11 10:00:00,5.274414139669409,7.731237198786784,9.458279956453744,0.4537042220064736,0.3616556907400467,0.4771845778011739,346.3162270594031,7.097641028708955,202.49612397658828,4.096027519619998,0.4920942288272339,6.068675383217243,3.785703586406217,0.523621442616294,0.4339733365190804
2024-01-13 10:00:00,9.099085542006645,10.695662868336324,7.720268148398174,0.542819369421992,0.2590811425062185,0.7478961649958712,327.50614161874046,7.305148399892298,249.04851597852067,4.108967061210775,0.5491022775699876,6.33673583289672,0.5,0.5259855462520856,0.4456888078786736
2024-01-06 05:00:00,12.176694316883518,8.896198074192867,8.71009818197639,0.1492237764891677,0.3166846922729258,0.3970290447784131,346.8619223745462,7.893219203824401,186.72839960397815,4.814579718025017,0.2911494982140742,7.011756800482758,6.64476953656123,0.3761051496599065,0.263726553550918
2024-01-23 01:00:00,11.01804379212192,7.345869168231806,8.964451149434135,0.094405526573833,0.559248983651992,0.5152227806739571,342.96712754404314,7.327587963805487,204.98296288458772,4.422700806786192,0.3769435570082466,5.6865201032423895,2.830627369158109,0.4217841529450895,0.3649977778136235
2024-01-14 22:00:00,5.061412605652268,5.684885961016602,10.578056641958431,0.406084604130967,0.5102057429055459,0.2179929321536297,356.14906926446054,6.921050323719943,177.39477774861138,3.3721201620808907,0.4459190964480551,9.174947167266296,5.0754994780607445,0.5158986877397552,0.4065044905033981
2024-01-14 04:00:00,12.274210641924787,9.159737782090216,9.429754245568155,0.4548727529172339,0.5655655715481538,0.2647877342430048,348.08810138878806,7.526270729360005,208.97549216596872,5.678055169681189,0.4658520859731864,8.545685701017765,9.019566075529172,0.5394047069492576,0.4031216466912777
2024-02-03 07:00:00,6.932785184085744,4.761640602161985,8.797457356068845,0.267653357337385,0.2606728602657512,0.7471603449649663,328.46447051019493,7.237717322579006,232.2433438045706,2.7684127279015787,0.4271523175332909,4.5046331656599286,2.116925051836824,0.4634492302234435,0.3615424362321838
2024-01-01 23:00:00,12.314808792183069,8.3988912666546,8.386171476606966,0.4077299560230956,0.5129799356232073,0.5019359541318416,356.49369552988185,7.138076682174301,216.8663350088675,3.97272734132956,0.4976508955160248,6.494595629866602,6.91810173372977,0.5202014751430873,0.4318549652130281
2024-01-24 18:00:00,5.62648488574242,4.230070937953726,6.328414553759427,0.3030170852737128,0.5120544029719023,0.5696770279831105,356.1934893572917,8.54298822748699,226.59869056506315,3.0037178021571096,0.5020685266409272,5.621625722300463,7.576752063291682,0.5046448972441072,0.4387542812298098
2024-01-21 06:00:00,8.908470943869387,6.466903192550476,8.399633435735554,0.2411510608028481,0.7577938011516545,0.2880846463755104,312.5837821597255,7.701512286810263,194.87563257925015,3.004002473066736,0.4206775385012705,0.5,0.5,0.4506955691018944,0.3806523641858311
2024-02-01 05:00:00,8.784110298419476,8.442541141929812,8.88918321685924,0.4578290330534463,0.4960817086762354,0.5259612185161114,315.7879687634522,7.498162678356601,228.6069582244132,5.495549211674186,0.562525612104519,2.6726861400995183,1.4643571137850735,0.5546343583958238,0.4547662026219679
2024-02-07 15:00:00,11.854412791253926,4.001741620291878,6.998184759903863,0.4042439509718341,0.6203705473845444,0.4875871341149024,363.7400799035563,7.72845431014819,206.1461258943997,1.9783709365805389,0.5457759691440377,6.722171777037772,7.239160919568116,0.5588398064758562,0.5024331942166594
2024-01-16 05:00:00,13.600156557680888,8.6346306816527,4.920469648758631,0.4391400646022996,0.5593984602714593,0.0949180178602573,305.2076003367043,7.156585763985654,174.25473670815646,3.7988152117202016,0.4590103924013064,4.42576798476877,3.7429498606774407,0.5073678832474555,0.3698501965619188
2024-01-13 22:00:00,13.71940205760924,14.24812674043412,4.215050257189006,0.3159456342251578,0.7763309914111695,0.3693226403472723,361.6906001458612,7.857173340988313,200.18251122720451,5.33040988099071,0.483581845227511,8.232773789331759,4.940448176089538,0.5477681405770723,0.4488029788683865
2024-01-10 05:00:00,12.650857071819573,15.098054366861575,6.922289884567311,0.0208955525402205,0.6748856728818802,0.0567964141668703,309.17244593961857,7.668256023010763,160.26969666173753,4.031490824337374,0.2413538714341872,6.09782748325579,2.5611047853018465,0.2915245332095904,0.2710488445866584
2024-01-19 07:00:00,10.64771271142178,9.241793045659058,8.438334373421158,0.4561816143719583,0.5838084266731708,0.6494534056574249,323.7932902082055,7.915669390063054,234.03874349654197,2.9158313953991355,0.6114635618167651,1.1138115267555695,1.1601024423356288,0.6268728113633047,0.5375617689566538
2024-01-02 07:00:00,11.053074578655377,6.693966141053892,9.225595735962,0.3868280766606371,0.3549845922190904,0.656042272972503,345.28351329068107,7.290960451120109,229.5249345492236,5.32820766118133,0.4961267143789447,6.01247178071716,6.273098005191655,0.5332977408379235,0.4270989041125221
2024-02-02 21:00:00,13.725209340129602,9.485088984265898,6.385419351974104,0.3515215238244194,0.6184948287986026,0.4570654724808346,321.26298868880485,6.968928954869488,230.5179780530789,4.368352442021817,0.5060107012013068,6.199476975592116,1.089886711046148,0.5039149637138866,0.4196950317318472
2024-01-08 06:00:00,5.407134200517223,7.341495060846407,14.045162593407731,0.523877688764485,0.4049888385376839,0.4477148865141033,369.7442120580242,7.141709253066346,194.77464221554385,3.853097468461298,0.5104617414614815,7.697652905670287,5.442854192971111,0.5659950126162178,0.4986704058928467
2024-01-30 11:00:00,9.51669756584295,7.028290098338738,5.507105336873286,0.4332184314096283,0.7433550331226465,0.5531975594529545,331.6624517885552,7.569082109318426,245.7545629752492,2.5978909898437794,0.5746590160494636,3.373153989954357,2.321044043274056,0.5966315617757194,0.4653923536865568
2024-01-25 19:00:00,6.8675813091012,11.316219235707935,5.01657343423684,0.0796057830126462,0.3428453699268942,0.301488228698322,305.3763617832949,6.93191317338742,200.2327194378965,4.033896586664926,0.2781468689595552,2.962156220921376,1.3007387995134836,0.3687240577312249,0.2838292139049779
2024-01-09 04:00:00,6.921506370394829,9.678114614246578,8.702895445958863,0.4228430161628332,0.5047486716652598,0.6371667026673435,347.1831414569761,8.111530690430124,217.9398262557181,3.0171112628672634,0.5775756955591614,7.152142971890976,6.444122221067213,0.6099296584828464,0.5161809747349884
2024-02-04 13:00:00,8.304544725610924,9.297743780751894,4.699213685179713,0.4369022118195977,0.7432826569476059,0.618508771992926,339.9889780543506,7.823192641594353,225.6190763396366,4.06728193114545,0.5588782189793027,7.400421179555471,2.164698172340417,0.5882098039114496,0.4773575150108335
2024-01-20 08:00:00,7.456742664119769,11.783487077538068,9.66148507185745,0.1980192966013408,0.5074887296099369,0.3990403698435065,372.8894150813631,7.314747133672436,197.40401522218667,4.470797688115055,0.3727317157883818,10.63557069573156,7.541205477274167,0.4581441326193718,0.3807478529548786
2024-02-08 04:00:00,10.581227503599305,11.639977628000269,9.378413346060189,0.536904737858141,0.2126929880082679,0.5181762657346026,337.28017165012045,7.247701400809889,228.86143603862288,4.316656879453826,0.4836666073899103,6.842007080318392,2.111689453049153,0.4847115854101081,0.3929740011494648
2024-02-08 22:00:00,12.060452754660798,4.8764321805649296,8.008594049926339,0.4020962843155561,0.4077784340955084,0.5554166117270254,349.22246513710445,7.445250363637141,221.443688307854,2.835014886024028,0.4892453642808174,9.14967594771468,4.814642918891005,0.5235455338164612,0.4514527517558065
2024-01-14 09:00:00,17.124485471880778,11.273813569207244,6.499677513381474,0.3955734387911038,0.6283249174283916,0.253509764947713,357.7055550795283,8.011923072741057,199.81743225076292,5.983535795614312,0.4420127237649068,9.436551946396984,6.759501524717019,0.4958067181594883,0.3958866110572648
2024-01-25 23:00:00,6.571064073240472,8.28873017995916,8.10441613952551,0.160878508374792,0.2304673584226929,0.2846839570229109,312.9366390702692,6.90317173970818,184.9285848658972,3.1648894119205795,0.2148596639581491,0.5,2.356179426983513,0.2914471632769086,0.2371172696617648
2024-01-07 14:00:00,8.283975825601736,8.136109750265256,7.803199194538616,0.1610937607676928,0.3212323091345168,0.19829403292216,338.53402655872554,7.357766892015324,173.1030568434436,2.7879243520827157,0.2851941355258,4.177933142187294,6.537805365035258,0.3697971512850727,0.2697406389359267
2024-02-04 10:00:00,8.852275359444384,6.914183857280746,8.327791681736027,0.535603077091266,0.5274124641939328,0.3219123614834634,344.48095539564395,8.114085552093202,204.8427012343128,5.441578880795593,0.5169304666401131,6.901965072408373,2.837964771402692,0.5674206617274113,0.4523195425190829
2024-01-30 18:00:00,6.906244185074288,6.512534534988777,8.009248406806519,0.2903294753942201,0.5286857542787572,0.2760586561750746,314.61489852761736,7.503549492677602,179.1961875515005,2.6722763242548453,0.464443267248659,0.5,0.6803954913728356,0.5283769117031455,0.4173916232292268
2024-01-30 07:00:00,10.392505759085276,9.89678098020013,8.529951185650551,0.4619230860764385,0.2669951115663548,0.5095362556171606,330.55133441888904,7.954747865183592,224.198686598856,4.716368676843679,0.4114455528242895,1.6427076110758332,0.5,0.4323325980664353,0.401177907836678
2024-01-28 07:00:00,12.302530795278324,13.74253846917467,5.853824044397915,0.5943964231853229,0.6412628178284225,0.6481311907701784,336.65203087261875,7.673532924765964,241.90404281197468,2.4586445179924508,0.6490865393289313,2.3719572488820697,0.6945033141571348,0.642050635439382,0.5901304857685258
2024-01-18 17:00:00,7.444947861546246,4.336189767100765,5.741131213718164,0.3002828848174379,0.4058252847249871,0.3704194274893542,334.281475909666,7.96713656796001,194.8428156200897,1.0636803706120674,0.4267992094556113,1.067489354154113,0.5,0.4967742916913343,0.3771053907808761
2024-02-09 03:00:00,9.861027100040378,11.910128552384794,4.889583209500032,0.6571508844330145,0.3092813145139325,0.3352250292085236,359.07506776828046,7.007073608726007,190.9262600423563,2.809154202880638,0.5193458700688969,8.97098626605951,3.809674850393868,0.5834052286481618,0.4482552089389066
2024-01-23 21:00:00,7.713159021204403,7.1546758027435535,7.735082750647165,0.3248335442144899,0.411296194301096,0.6153442597005833,379.1134731877102,7.543429556779005,222.0238336755623,3.5965536959227995,0.4622864132830603,7.650326867903336,4.955125185331031,0.4907784708228058,0.4368940901490947
2024-02-09 06:00:00,11.241354116268347,10.02984302447696,5.065174747159315,0.1606705236615099,0.3761406376119001,0.680458149875984,364.1884451726244,7.655875303100244,207.7480452356221,3.2105522881580297,0.4210807218470489,9.45686741247956,0.5,0.4454931590414177,0.4248528388501633
2024-01-21 13:00:00,11.918328237046472,5.193741007049992,6.949773550930699,0.7974148039132589,0.3770971483667066,0.6518661082815469,318.7382032007529,7.312550819966759,230.2718282894095,2.986445526900164,0.6801027354544811,2.545601526380908,0.5,0.6509689363663528,0.5476755870690607
2024-01-24 02:00:00,4.778985983332176,13.627326888925063,7.233281484081044,0.5327785054737026,0.6486210144377715,0.3040192047995481,373.1528600191236,7.379997485142018,207.62500751885491,4.781620331274571,0.6151216132136267,5.672746797287167,8.604379330368758,0.635340519335481,0.4857941684449269
2024-01-21 10:00:00,9.877866334040071,6.721548818968222,5.809762128922037,0.4587888277207614,0.7839943210016243,0.208184721456481,312.08048525864524,6.858903080933153,187.64392511511076,3.906081021605178,0.5157985203437607,0.5,0.5,0.5175971167841216,0.4000860586235555
2024-01-04 18:00:00,9.675329327849855,4.130013846789807,5.9104687684552015,0.1331384021072462,0.8094522720652911,0.4387883128811406,365.7005745398962,6.803976278319856,197.44395947213303,4.636428530838545,0.4031511953905167,4.322261079762711,4.551727919888739,0.5020193224750759,0.4187881126749796
2024-02-09 00:00:00,8.950055534407232,6.654780236431102,6.768045789703678,0.3602253939345012,0.5162226931154157,0.3166919032538413,355.21176345686695,7.57980684259823,185.78436044588923,4.122325702500564,0.4698341605932756,4.605087278105845,4.874068573473658,0.5282530223538902,0.4606813343837106
