0,1,2,3,4,5
0.9275839523066134,0.05526696304386771,0.0,0.00011106442875246656,0.01703797306078164,4.715998457752496e-08
0.956581315075713,0.03567886551714587,0.0,8.983285432075374e-09,0.007739809751875633,6.719803221010779e-10
0.04276879255281216,0.3614008304279269,0.0,1.0354982126848294e-05,0.3743110558170772,0.22150896622005659
0.7705744892873427,0.10375738743935972,0.0,6.801701290383124e-05,0.12559826960298556,1.8366574079633965e-06
1.401917303934744e-13,1.6196101860749895e-14,0.0,0.63651617571173,0.0002498954060902168,0.36323392888202305
0.09788151023304609,0.0016683850399313348,0.0,6.593527189705375e-07,0.9004494388112575,6.563046607053308e-09
0.04544651701589827,9.450386562679078e-09,0.0,6.829970336386064e-05,0.9544851591933078,1.4637043496725567e-08
0.8424078468715374,0.04409951441782618,0.0,0.011339221076228676,0.10214966212815779,3.75550625011758e-06
6.273324714306515e-05,0.01940061091828668,0.0,0.026475065049306343,0.21522480113972453,0.7388367896455398
8.958727292646277e-05,2.2070688422815028e-05,0.9998868198252028,4.658176848766413e-16,1.522213405517338e-06,4.210595729677651e-14
0.7291246854116964,0.12159837020890665,2.3698151835785415e-20,0.13563195538624265,0.013644988030099873,9.630546874913141e-10
1.148850809962182e-08,6.5301248164656725e-09,0.0,9.914905579751502e-06,0.14632270863896407,0.8536673584368235
2.1817654474676252e-09,3.771120693875911e-09,0.0,9.392434544233385e-05,0.00038539782856636146,0.9995206718731049
7.936935280543705e-06,4.091570536379585e-05,0.9999484570055842,5.663883551304034e-26,2.6903358714349888e-06,1.7900049116177443e-11
0.12005951279465556,0.1174665483836428,0.0,0.0011896883881406784,0.7612842218096185,2.862394274732177e-08
0.3721642528962847,0.5298801012404264,0.0,2.208056251513311e-16,0.09795564572381339,1.3947555522294143e-10
0.0017570334979023477,0.7183905702500036,0.0,0.27733408703499196,0.0001367828022239854,0.002381526414877214
8.740064647381809e-07,0.9397693484892796,0.0,0.0002288677748569664,0.05900830195318462,0.0009926077762138544
3.8872680153000114e-05,1.8877349945287966e-06,0.9998453749394314,1.0420505441634173e-07,0.00011376041547894501,2.4887760310768238e-11
0.00020234532079280425,0.05802895880920626,0.0,0.8117339902387952,0.12057774239769803,0.009456963233507752
0.005871939743616235,0.41668037261017177,0.0,0.5629774958790322,0.014470191129322366,6.37857131746821e-10
6.113742286880529e-07,0.0042927328981964856,0.0,0.459442634321547,0.0027672044671662103,0.5334968169388615
0.00023185174143732797,3.9765488027583515e-07,0.9981735903622763,7.729743801356181e-14,0.0015941590851026586,1.1562262075537131e-09
0.00011591837039775408,7.788621427941237e-07,0.0,0.003555057047601356,0.003559531899073617,0.9927687138207842
0.012446145254987204,2.335870598157219e-05,0.987509407497655,2.1081924469749048e-05,6.6143077999096704e-09,2.5985913117251172e-12
3.48273033215136e-09,4.928225281188782e-05,0.0,0.026510650553111574,0.038403680747536084,0.9350363829638101
1.6025735577171923e-06,0.00037623226194382297,0.9995017214688596,1.7322032189391185e-05,0.0001031185717676181,3.0916818258165083e-09
7.354844670090364e-05,5.753937010556121e-05,0.9998057009988772,2.1508950864008187e-06,6.105915623146205e-05,1.1329985754249306e-09
0.001094151809185382,6.579310068958122e-06,0.9988983838689524,6.570104925170342e-14,8.850117275894821e-07,2.255267017028649e-16
0.9982109998001564,0.0016175173118667954,0.0,1.6240351108363e-13,0.00017148283873879517,4.9075587444618444e-11
5.2791315301140224e-09,5.23754199659612e-05,0.9953460586268894,0.0045908464931258795,1.0157243796744431e-05,5.569370904823302e-07
0.00013621491077355437,0.023217874137059516,0.0,0.005026725158818574,0.13638450449030629,0.8352346813030422
2.1167051037453513e-14,2.10408769887553e-06,0.0,0.9999978939699233,1.942354789740062e-09,9.820873202997307e-16
0.7935316325843174,0.16626624894401235,0.0,0.0010540554372817854,0.03912872162707336,1.9341407314952074e-05
0.021759962979452548,0.4736734451822327,0.0,0.13563767323782142,0.30789882037155913,0.0610300982289342
0.0019862569458713787,0.7473696375624486,0.0,0.00031328929252016365,0.0025562043940523687,0.24777461180510707
1.1755778770420817e-07,0.0011283271285041404,0.0,4.4964881156258075e-08,0.011383335477302102,0.987488174871525
4.335834794750689e-05,0.14034004142045614,0.0,0.007698834812140292,0.2088453245205621,0.6430724408988939
0.0020534437421847163,5.431333927533645e-08,0.997943476078626,1.2152232388473508e-13,3.0258657285608306e-06,1.240901129552257e-16
0.0003055575480990879,0.0837546962154536,0.0,0.5201852445440219,1.6296244584008277e-05,0.39573820544784083
2.8797025317445657e-07,0.0003231095174936511,0.0,1.1281256896077929e-09,0.16777502539345923,0.8319015759906685
5.371999576364935e-06,0.22720806514829878,0.0,0.10585938358943028,0.42025811835362925,0.24666906090906499
1.7454031010728567e-06,0.35298409141442977,0.0,2.071672929689751e-09,0.4805452516246121,0.16646890948618423
0.9817346218498275,0.016434382694865052,0.0,3.9220509321134973e-07,0.0018305780516777073,2.5198536742646778e-08
7.692802188674112e-09,0.0006021577493655829,0.9993850370665113,1.2100200260433336e-08,1.2785382384393015e-05,8.736293813305916e-12
0.11301235272256373,0.8319267039981709,0.0,6.626044927400551e-07,0.05270954980266558,0.0023507308721069722
0.7767639479719834,0.022375941154108653,0.0,1.2833677653494309e-06,0.2008435093649441,1.531814119854932e-05
0.00011159211157274684,0.4453581923082205,0.0,0.5536932523317885,1.0655371313944133e-05,0.0008263078771043253
2.3268130560929562e-05,0.007753851690616202,0.9893665971780319,0.0028555014812921362,7.64108627567524e-07,1.7410871377587808e-08
0.004066337423830348,0.051777874104827336,0.9440951361212347,1.2111907589628573e-08,8.218230506337847e-06,5.2422007694006606e-05
0.010419772679820574,0.6691379596861924,0.0,3.961600184868997e-11,0.32044119921577474,1.0683785965361486e-06
9.85599723956566e-14,4.9840412092028894e-05,0.0,0.726048040248289,0.2713190361655798,0.0025830831739404635
7.362533307455117e-09,0.9902830846087879,0.0,0.00010380079141729477,0.00912080670327355,0.0004923005339880166
0.9978723864160165,0.00037356506969322593,0.0,3.642667726925593e-16,0.0017540477928817042,7.214079749105948e-10
0.32999788645827177,0.05878525167983906,0.0,3.566627709196359e-07,0.6112160082966746,4.969024433402981e-07
7.049869551068824e-06,8.409185825627373e-09,0.9999929416042765,1.0498264972315833e-17,1.1698659663045015e-10,8.139548057552475e-21
0.6521015107755775,0.21152573936375033,0.0,3.7412716391993134e-06,0.13306278748469144,0.0033062211043421792
5.486653590138703e-16,8.358813745099954e-10,0.0,7.940745590231899e-08,0.9999389658690115,6.095388765047148e-05
0.00036729756534682224,1.5109399514478057e-11,0.9996135349633146,4.850577580797364e-12,1.916745137866234e-05,2.6972343487950404e-19
7.988362407731663e-35,6.1135683456042254e-24,0.0,0.9998354945249512,0.00016238685802502556,2.118617022522083e-06
0.2988120305497785,0.5041898037149053,1.1757468805425508e-142,0.19696225052807478,2.750141359920193e-05,8.413793642473223e-06
0.0017840164251917464,0.9681629463093483,0.0,0.00024206461754705145,0.029810229074671304,7.435732413776355e-07
4.7019898233099107e-07,4.4657807841897545e-12,0.9999995264066874,1.5155373283980157e-21,3.389864438603359e-09,8.92441413458401e-29
7.950607661237928e-06,0.00020265124534749157,0.0,1.1813209127952562e-09,0.9997375642415764,5.18327240935501e-05
1.3133068743822439e-05,2.141089562088486e-07,0.0,4.214290483348974e-16,0.9999866528201417,2.1581200415332888e-12
6.0496479212099396e-05,0.0015071207242025465,0.0,2.208040381957634e-08,0.9984323424779259,1.8238255341336384e-08
0.001868603999766199,0.0001241513030147206,0.9980052646016924,2.0016160338916547e-08,1.9248470003406733e-06,3.523236625005078e-08
2.200901237683148e-06,3.302611533123639e-15,0.9992698060191959,1.060051543205518e-12,0.0007279930784684444,3.4691660283243776e-14
9.507477275334513e-13,0.016422637095153292,0.0,1.0262314562716552e-08,0.06550874516942198,0.9180686074721596
0.04036069858453668,0.3525087291139167,0.0,0.2931388780288289,0.31395806386037944,3.36304123377162e-05
0.01061718530247871,0.9680510374854308,0.0,1.1091436903692046e-08,0.019522674822306362,0.0018090912983473632
1.9524563461214002e-05,3.821814235452783e-05,0.9999183947425911,1.0276045540266728e-20,2.3862550147507634e-05,1.4457745175891318e-12
0.0001412475306447273,8.89575654042199e-09,0.9998579281905852,2.6564824082060424e-15,8.153830108964909e-07,1.0163571954522406e-17
0.8941606126402943,0.10552266221490467,1.4443965121592303e-16,2.3634807588247274e-21,0.0003166778065086494,4.733829284823937e-08
0.011679225792748478,0.8410802358646838,0.0,0.04032283400764926,0.10689292288526307,2.478144965520711e-05
0.17006540374219614,0.526757968344932,0.0,0.30247068968286595,0.00012872270237174093,0.0005772155276344536
3.146512423232272e-08,6.126456832344044e-08,0.0,1.2801072177410136e-05,0.9999871061358949,6.223477000031225e-11
4.952900803438962e-07,4.558849820291874e-16,0.0,4.829236773094699e-10,0.9999995042269706,2.519629796280209e-14
0.00018350797627659807,8.391423508074719e-11,0.9998164271230504,1.2335453881863693e-15,6.481675745438394e-08,1.4381120354430238e-24
0.9790241595964503,0.01029691800516323,0.0,8.44996770989254e-12,0.010678922389689807,2.4686885905124097e-13
0.9678265180981167,0.004426140275907946,0.0,0.025104017571957106,0.002643290699003282,3.335501535896365e-08
0.060203300376403035,0.895832972808151,0.0,4.026200847428457e-07,0.043960857741176806,2.4664541845700433e-06
0.9707849288951511,0.011276840747641105,0.0,0.00040561666327735586,0.017532597784259554,1.59096709884259e-08
8.753136169899116e-06,1.195461084835516e-14,0.0,7.576460261182582e-12,0.9999912465973987,2.588425083874881e-10
0.0002846061985230972,0.1760165704030024,0.0,9.858661053517047e-05,0.8235882199357216,1.2016852217823627e-05
0.8493382906993895,0.10053674159431959,0.0,1.3652877472683426e-06,0.048204853578809916,0.0019187488397338413
0.0002851222650921518,0.7055493262053188,0.0,0.0005372796749369102,0.07350396544518747,0.22012430640946426
0.0013426565170866298,0.5771378756015971,0.0,9.925464244265507e-05,0.3461122392714746,0.07530797396739906
0.0005269831339652358,0.39064347653766474,0.0,0.003347643979506866,0.000208094249903579,0.6052738020989598
0.4865535921573026,0.0947291880920223,0.0,2.9935674274985513e-10,0.41871590733106345,1.3121202551043284e-06
6.0950893480508686e-05,3.2231222079866935e-12,0.9988715484112624,2.1262367575007854e-13,0.0010675006914487187,3.7267557126074373e-13
0.07255881648092677,0.7519991069091314,0.0,0.0024521509317459236,0.17291634126838212,7.358440981415247e-05
4.999929760884443e-08,0.014691348169190406,0.0,0.032824376371729774,0.9524815566165683,2.6688432146076784e-06
0.00010918597341481133,7.402940484258627e-09,0.9998896360891063,4.184839322732951e-13,1.1705341198349107e-06,5.375067779275126e-18
0.00025095554047168187,2.7090489785326243e-08,0.0,0.0013001448038016596,0.004874916923901627,0.9935739556413355
2.4949494575775962e-08,0.015655313327744128,0.0,0.045912611679293086,0.665801192343145,0.27263085770032336
3.388535816104761e-08,4.80311156270288e-07,0.0,1.5796264119682315e-05,0.9956853448851566,0.004298344654208964
2.4234519460826816e-07,0.5770809441143336,0.0,7.911496377328338e-05,0.30133987786704386,0.12149982070965488
0.9998922529469844,8.120058534871206e-05,0.0,3.077010197892988e-20,2.654646766605246e-05,4.971327926116045e-16
0.6962068796785253,8.871185520996454e-05,0.0,4.043516342587761e-14,0.3025067773858648,0.0011976310803584911
0.0003878241091913631,0.9528624880378426,0.0,5.274125815253656e-09,0.0066830051208431685,0.04006667745799697
0.0018329574393430958,4.309827248388319e-06,0.9981527006972744,5.435303871301403e-06,4.596730123371676e-06,2.139461785893234e-12
4.4493895484319766e-07,0.00014905452341119717,0.9998496282784132,1.9583980207030293e-08,8.481273097646511e-07,4.547930995113789e-09
0.00030275722220841244,6.609356844669342e-05,0.9988886122874604,5.4920156086510577e-11,0.000742528157800473,8.70916393761616e-09
0.0011906109504359566,0.5454649507504836,0.0,2.299639542323638e-12,0.4529122605065843,0.0004321777901962217
2.260171643075806e-08,0.7679819352443039,0.0,9.564251853823899e-05,0.2061820630982842,0.02574033653715695
5.607741865894283e-07,0.01582048674270576,0.0,4.7728953833745875e-05,0.7362634041871345,0.24786781934213983
0.000548499156670064,9.153159092564474e-08,0.999444062217227,5.3527975160663935e-06,1.994296985934136e-06,9.930432114001265e-15
1.0259436711622996e-05,1.49485117124571e-10,0.0,0.02297715743554153,0.9770125829781922,7.028449027379236e-14
2.5809374529021643e-17,3.458441987496593e-08,0.0,0.9728917423436884,0.00036287184616641267,0.0267453512257245
1.570579829013449e-06,2.7035706138864444e-09,0.9999976834317666,1.567731140366474e-13,7.432846710110441e-07,5.935747480920492e-15
4.235964490128018e-12,1.8339558528002032e-07,0.0,0.04700352798460658,0.3648131166609544,0.5881831719546179
0.00016338093459667528,3.666825298285193e-13,0.9996239192269845,2.480818840813979e-06,0.00021021850518006927,5.140312558061685e-10
1.6710290336526848e-10,0.022176902622564283,0.0,3.094142323786253e-10,0.9775243333233381,0.0002987635775804497
1.7049611925574543e-14,0.018993763046664232,0.0,0.7625034424483966,0.008062164205397106,0.21044063029952456
0.246919438259489,0.7453921287419594,0.0,9.897827077980654e-11,0.007416113361096369,0.0002723195384769379
0.0064240714414210585,2.2189456056511695e-05,0.9935535839415743,2.117551019745725e-10,1.5324867047515125e-07,1.7005225141848526e-09
1.0825982869836482e-08,2.188775436792105e-06,0.0,4.149100690412831e-15,0.9999977997393031,6.592734599744228e-10
0.0005359530833449058,9.312263017196113e-05,0.9992776467200734,3.6900287622324964e-14,9.327756609551055e-05,2.775283672835321e-13
0.0365348788492643,2.161198824521767e-06,0.0,4.499862124742696e-17,0.9634629599125267,3.938405527949074e-11
0.7666284210623107,0.00017126573800934242,0.0,4.875192024678892e-11,0.2332002905030082,2.2647919956073983e-08
1.0730894627054261e-16,3.02530838652918e-05,0.0,0.00014172791596804807,0.0072527865843360455,0.9925752324158302
0.12732723338020094,0.0413112391285946,0.0,0.005112493309979264,0.815917005764218,0.010332028417006929
9.859580644138509e-06,4.03116682267345e-10,0.0,2.071373823532318e-06,0.9999211637845146,6.690485790123744e-05
0.0009970792735290227,0.40497897959720075,0.0,0.5821923825789362,0.0003051545021071427,0.011526404048226593
0.0008331658988385046,0.06274006986773419,0.0,9.087143787411162e-05,0.9358757990951633,0.0004600937003897844
0.0007889957258674878,0.0016567224838482683,0.0,3.853127472962276e-05,0.9974920937909405,2.3656724614143172e-05
0.2495374498573526,0.0019698236969221215,0.0,2.647056118610252e-07,0.7484843214075039,8.140332609478288e-06
6.653209350139664e-05,0.06805695729216957,0.0,5.4420025812865846e-05,0.03642571318548002,0.8953963774030358
4.932628702832225e-05,2.6615306450719386e-05,0.9998837107142203,7.959658000618335e-10,4.034689279465894e-05,3.5399521801573178e-12
0.01165585671137841,0.054472802584995116,0.0,2.7008929520383924e-08,0.9338657118245526,5.601870144484029e-06
1.864953607626031e-05,0.8685612440717423,0.0,1.957354434948913e-05,0.11523291036761264,0.016167622480219242
6.530884842697809e-12,1.8938118816219357e-21,0.9991428294590912,0.0007587799400342858,9.838901744770602e-05,1.5768962561438528e-09
0.018500381694650844,0.9564904967085442,0.0,2.4261261503822387e-09,0.024880357732378677,0.0001287614382996964
0.8005026553246417,0.0008374280456092822,0.0,7.846424840108534e-11,3.599768863796758e-05,0.1986239188626464
0.003668554853499812,0.005410910467499068,0.0,6.764435431345549e-05,0.16851594476283954,0.8223369455618482
4.80108521836106e-22,0.0002332572846851916,0.0,0.9996049047579304,5.658981304519352e-08,0.000161781367571777
5.4847905316350815e-05,0.0009664185982496013,0.9989057893914676,2.7974059476653047e-14,7.138863081182099e-05,1.5554741268764296e-06
6.207644196965758e-06,4.19006349664358e-07,0.9999892742390942,9.535058579176493e-24,4.099110359050302e-06,1.7468306543428671e-16
0.0017067164379321186,0.8193733293497799,0.0,0.10544070242143297,0.07319470233630415,0.0002845494545510481
0.964352994032371,0.02533188296576325,0.0,2.372902587158731e-05,0.01029139017983865,3.796155451832322e-09
5.023570093461863e-16,0.06876092418285386,0.0,0.0015714195885643486,0.12228450005491677,0.8073831561736637
0.9658848962829528,0.031979734327684764,0.0,1.2641018219539714e-07,0.0021344121827943834,8.30796385543903e-07
0.016656331300485633,0.9685481539894446,0.0,1.5773487571139025e-09,0.012446427118969058,0.002349086013751557
4.973507540291281e-05,5.2394101659558945e-09,0.9999481580167725,1.583413109220062e-17,2.101668414255944e-06,4.171236146109668e-17
2.785174431484167e-07,0.0001306785412181718,0.9998387702922434,1.9061157227334883e-08,3.0253586547720865e-05,1.390251339893353e-12
1.9363416017514312e-08,0.8292154455924806,0.0,6.742541796033611e-07,0.1707824674999191,1.3932900050443148e-06
0.9209243704537471,0.07853154606494281,0.0,0.0005059328195660569,3.815045071474134e-05,2.1102907990126677e-10
0.015291528514585538,0.038859434640554504,0.0,9.708342540710873e-06,0.9453226933472892,0.0005166351550296668
0.0008759797094932653,0.017059064476561542,0.0,0.9450863642029929,0.029599178098419054,0.007379413512532628
